"Comune";"Provincia";"Regione";"Nome";"Anno inserimento";"Data e ora inserimento";"Identificatore in OpenStreetMap";"Longitudine";"Latitudine";
"Collegno";"TORINO";"Piemonte";"Fermi";"2015";"2015-10-03T19:51:15Z";"1481306354";"7.5909512";"45.075949";
"Collegno";"TORINO";"Piemonte";"Fermi";"2015";"2015-10-03T19:51:15Z";"1481306366";"7.5910529";"45.0761702";
"Collegno";"TORINO";"Piemonte";"Fermi";"2015";"2015-10-03T19:51:15Z";"3431311424";"7.5913719";"45.0760841";
"Collegno";"TORINO";"Piemonte";"Paradiso";"2015";"2015-10-03T19:51:19Z";"1484955760";"7.6018758";"45.0735845999999";
"Collegno";"TORINO";"Piemonte";"Paradiso";"2015";"2015-10-03T19:51:19Z";"1484955761";"7.6019496";"45.0740707";
"Collegno";"TORINO";"Piemonte";"Paradiso";"2015";"2015-10-03T19:51:19Z";"1484955762";"7.6021194";"45.0741057999999";
"Torino";"TORINO";"Piemonte";"Bernini";"2015";"2015-10-03T19:51:14Z";"442641053";"7.6553078";"45.0763115999999";
"Torino";"TORINO";"Piemonte";"Bernini";"2015";"2015-10-03T19:51:14Z";"442641055";"7.6554737";"45.0756796";
"Torino";"TORINO";"Piemonte";"Bernini";"2015";"2015-10-03T19:51:14Z";"957923325";"7.6551839";"45.0760976999999";
"Torino";"TORINO";"Piemonte";"Carducci";"2015";"2015-10-03T19:51:14Z";"1621378600";"7.6715159";"45.0420901";
"Torino";"TORINO";"Piemonte";"Carducci";"2015";"2015-10-03T19:51:14Z";"2617655139";"7.6705983";"45.0422652";
"Torino";"TORINO";"Piemonte";"Carducci-Molinette";"2015";"2015-10-03T19:51:14Z";"1621378601";"7.6716037";"45.0422805999999";
"Torino";"TORINO";"Piemonte";"Carducci-Molinette";"2015";"2015-10-03T19:51:14Z";"1621378602";"7.6706847";"45.0424632";
"Torino";"TORINO";"Piemonte";"Dante";"2015";"2015-10-03T19:51:14Z";"1213993997";"7.6731006";"45.0469440999999";
"Torino";"TORINO";"Piemonte";"Dante";"2015";"2015-10-03T19:51:15Z";"1213994014";"7.6731669";"45.0471867999999";
"Torino";"TORINO";"Piemonte";"Dante";"2015";"2015-10-03T19:51:15Z";"1213994125";"7.672843";"45.0472536999999";
"Torino";"TORINO";"Piemonte";"Lingotto";"2015";"2015-10-03T19:51:15Z";"1213993797";"7.6666754";"45.0313384";
"Torino";"TORINO";"Piemonte";"Lingotto";"2015";"2015-10-03T19:51:15Z";"1213993844";"7.6669777";"45.0310483";
"Torino";"TORINO";"Piemonte";"Lingotto";"2015";"2015-10-03T19:51:15Z";"1213993854";"7.6665227";"45.031075";
"Torino";"TORINO";"Piemonte";"Marche";"2015";"2015-10-03T19:51:17Z";"1484955755";"7.6143549";"45.0740328999999";
"Torino";"TORINO";"Piemonte";"Marche";"2015";"2015-10-03T19:51:17Z";"1484955756";"7.6141769";"45.0745508999999";
"Torino";"TORINO";"Piemonte";"Marche";"2015";"2015-10-03T19:51:17Z";"1484955757";"7.6142214";"45.0746763";
"Torino";"TORINO";"Piemonte";"Marconi";"2015";"2015-10-03T19:51:17Z";"1622042886";"7.6773047";"45.0572086999999";
"Torino";"TORINO";"Piemonte";"Marconi";"2015";"2015-10-03T19:51:17Z";"3283904468";"7.6771526";"45.0572955";
"Torino";"TORINO";"Piemonte";"Marconi";"2015";"2015-10-03T19:51:18Z";"1622042919";"7.6769231";"45.0575905999999";
"Torino";"TORINO";"Piemonte";"Massaua";"2015";"2015-10-03T19:51:18Z";"1484955758";"7.6203872";"45.0743579";
"Torino";"TORINO";"Piemonte";"Massaua";"2015";"2015-10-03T19:51:18Z";"429724253";"7.620265";"45.0748976";
"Torino";"TORINO";"Piemonte";"Massaua";"2015";"2015-10-03T19:51:18Z";"946525620";"7.6203139";"45.0742357999999";
"Torino";"TORINO";"Piemonte";"Monte Grappa";"2015";"2015-10-03T19:51:18Z";"1484955759";"7.6361952";"45.0751212999999";
"Torino";"TORINO";"Piemonte";"Monte Grappa";"2015";"2015-10-03T19:51:18Z";"429724255";"7.6361567";"45.0753974";
"Torino";"TORINO";"Piemonte";"Monte Grappa";"2015";"2015-10-03T19:51:18Z";"430167591";"7.6360192";"45.0751241999999";
"Torino";"TORINO";"Piemonte";"Nizza";"2015";"2015-10-03T19:51:18Z";"3431326297";"7.6749617";"45.0516603";
"Torino";"TORINO";"Piemonte";"Nizza";"2015";"2015-10-03T19:51:19Z";"3253332072";"7.6750001";"45.0518496999999";
"Torino";"TORINO";"Piemonte";"Nizza";"2015";"2015-10-03T19:51:19Z";"3253332073";"7.6746147";"45.0519181";
"Torino";"TORINO";"Piemonte";"Porta Nuova FS";"2015";"2015-10-03T19:51:19Z";"1262284345";"7.6791748";"45.0629889";
"Torino";"TORINO";"Piemonte";"Porta Nuova FS";"2015";"2015-10-03T19:51:19Z";"1262284353";"7.6795062";"45.0629639";
"Torino";"TORINO";"Piemonte";"Porta Nuova FS";"2015";"2015-10-03T19:51:19Z";"3431326298";"7.6786792";"45.0623767";
"Torino";"TORINO";"Piemonte";"Porta Nuova FS";"2015";"2015-10-03T19:51:20Z";"1262284319";"7.6788293";"45.0631899999999";
"Torino";"TORINO";"Piemonte";"Porta Nuova FS";"2015";"2015-10-03T19:51:20Z";"1262284354";"7.6790672";"45.0630259";
"Torino";"TORINO";"Piemonte";"Porta Susa A";"2015";"2015-10-03T19:51:20Z";"1367855907";"7.6638544";"45.0705256";
"Torino";"TORINO";"Piemonte";"Porta Susa A";"2015";"2015-10-03T19:51:20Z";"1367855910";"7.6640494";"45.0708028999999";
"Torino";"TORINO";"Piemonte";"Porta Susa A";"2015";"2015-10-03T19:51:20Z";"1839686581";"7.6651476";"45.070241";
"Torino";"TORINO";"Piemonte";"Porta Susa B";"2015";"2015-10-03T19:51:20Z";"1367855911";"7.6643731";"45.0712509999999";
"Torino";"TORINO";"Piemonte";"Porta Susa B";"2015";"2015-10-03T19:51:20Z";"2299299617";"7.6656599";"45.0709646999999";
"Torino";"TORINO";"Piemonte";"Porta Susa C";"2015";"2015-10-03T19:51:20Z";"1367855914";"7.6650713";"45.0722439999999";
"Torino";"TORINO";"Piemonte";"Porta Susa C";"2015";"2015-10-03T19:51:20Z";"2299299618";"7.6663675";"45.0719534999999";
"Torino";"TORINO";"Piemonte";"Porta Susa D";"2015";"2015-10-03T19:51:21Z";"1367855920";"7.6656611";"45.0730828";
"Torino";"TORINO";"Piemonte";"Porta Susa D";"2015";"2015-10-03T19:51:21Z";"1367855922";"7.6658561";"45.0733601";
"Torino";"TORINO";"Piemonte";"Porta Susa D";"2015";"2015-10-03T19:51:21Z";"3283630305";"7.6669572";"45.0727947";
"Torino";"TORINO";"Piemonte";"Pozzo Strada";"2015";"2015-10-03T19:51:21Z";"1484955763";"7.6292636";"45.0748533";
"Torino";"TORINO";"Piemonte";"Pozzo Strada";"2015";"2015-10-03T19:51:21Z";"1484955764";"7.6293344";"45.0750578";
"Torino";"TORINO";"Piemonte";"Pozzo Strada";"2015";"2015-10-03T19:51:21Z";"1484955765";"7.6295807";"45.0750645999999";
"Torino";"TORINO";"Piemonte";"Principi D'Acaja";"2015";"2015-10-03T19:51:21Z";"957923307";"7.6641175";"45.0761546";
"Torino";"TORINO";"Piemonte";"Principi D'Acaja";"2015";"2015-10-03T19:51:21Z";"957923319";"7.6640139";"45.0762635";
"Torino";"TORINO";"Piemonte";"Principi D'Acaja";"2015";"2015-10-03T19:51:21Z";"957923361";"7.6637775";"45.0765277";
"Torino";"TORINO";"Piemonte";"Principi D'Acaja";"2015";"2015-10-03T19:51:22Z";"957923318";"7.6641551";"45.0765432";
"Torino";"TORINO";"Piemonte";"Racconigi";"2015";"2015-10-03T19:51:22Z";"1484955766";"7.6490054";"45.0755389999999";
"Torino";"TORINO";"Piemonte";"Racconigi";"2015";"2015-10-03T19:51:22Z";"1484955767";"7.6489917";"45.0756378";
"Torino";"TORINO";"Piemonte";"Racconigi";"2015";"2015-10-03T19:51:22Z";"1484955768";"7.6491342";"45.0759282";
"Torino";"TORINO";"Piemonte";"Re Umberto";"2015";"2015-10-03T19:51:22Z";"3431314075";"7.6744643";"45.0641930999999";
"Torino";"TORINO";"Piemonte";"Re Umberto";"2015";"2015-10-03T19:51:22Z";"3431314076";"7.6746301";"45.0643961";
"Torino";"TORINO";"Piemonte";"Re Umberto";"2015";"2015-10-03T19:51:22Z";"3431314077";"7.6745311";"45.0644150999999";
"Torino";"TORINO";"Piemonte";"Rivoli";"2015";"2015-10-03T19:51:22Z";"946525643";"7.6446657";"45.0752578999999";
"Torino";"TORINO";"Piemonte";"Rivoli";"2015";"2015-10-03T19:51:22Z";"957916124";"7.6445375";"45.0753552999999";
"Torino";"TORINO";"Piemonte";"Rivoli";"2015";"2015-10-03T19:51:23Z";"946525616";"7.6443423";"45.0758014";
"Torino";"TORINO";"Piemonte";"Spezia";"2015";"2015-10-03T19:51:23Z";"3431330483";"7.6696465";"45.0380998999999";
"Torino";"TORINO";"Piemonte";"Spezia";"2015";"2015-10-03T19:51:23Z";"3431330484";"7.6692151";"45.0382256999999";
"Torino";"TORINO";"Piemonte";"Spezia";"2015";"2015-10-03T19:51:23Z";"3431330485";"7.6697299";"45.0382585999999";
"Torino";"TORINO";"Piemonte";"Vinzaglio";"2015";"2015-10-03T19:51:23Z";"3431314078";"7.6658292";"45.0673244999999";
"Torino";"TORINO";"Piemonte";"Vinzaglio";"2015";"2015-10-03T19:51:23Z";"3431314079";"7.6656828";"45.0673543999999";
"Torino";"TORINO";"Piemonte";"Vinzaglio";"2015";"2015-10-03T19:51:23Z";"3431314080";"7.6661953";"45.0675914999999";
"Torino";"TORINO";"Piemonte";"XVIII Dicembre";"2015";"2015-10-03T19:51:23Z";"1026285955";"7.6684714";"45.0737746";
"Torino";"TORINO";"Piemonte";"XVIII Dicembre";"2015";"2015-10-03T19:51:24Z";"1026285948";"7.667789";"45.074027";
"Torino";"TORINO";"Piemonte";"XVIII Dicembre";"2015";"2015-10-03T19:51:24Z";"1026285950";"7.6685212";"45.0739311";
"Torino";"TORINO";"Piemonte";"XVIII Dicembre";"2015";"2015-10-03T19:51:24Z";"1026285957";"7.6679438";"45.074156";
"Genova";"GENOVA";"Liguria";"";"2015";"2015-10-03T19:51:24Z";"2079616071";"8.9490997";"44.4071809";
"Genova";"GENOVA";"Liguria";"";"2015";"2015-10-03T19:51:24Z";"2079616073";"8.9493983";"44.4072129999999";
"Genova";"GENOVA";"Liguria";"";"2015";"2015-10-03T19:51:24Z";"2079616077";"8.9480866";"44.4073157999999";
"Genova";"GENOVA";"Liguria";"";"2015";"2015-10-03T19:51:24Z";"2079853464";"8.9483339";"44.4077399";
"Genova";"GENOVA";"Liguria";"";"2015";"2015-10-03T19:51:24Z";"2831239769";"8.8955046";"44.4281518";
"Genova";"GENOVA";"Liguria";"";"2015";"2015-10-03T19:51:24Z";"417829739";"8.92844159999999";"44.4089103";
"Genova";"GENOVA";"Liguria";"M Darsena";"2015";"2015-10-03T19:51:16Z";"205363624";"8.92675159999999";"44.4130202999999";
"Genova";"GENOVA";"Liguria";"M Darsena";"2015";"2015-10-03T19:51:16Z";"433570925";"8.9254932";"44.413578";
"Genova";"GENOVA";"Liguria";"M Darsena";"2015";"2015-10-03T19:51:16Z";"552796451";"8.9265872";"44.4129324";
"Genova";"GENOVA";"Liguria";"M Darsena";"2015";"2015-10-03T19:51:16Z";"735037519";"8.9265319";"44.41319";
"Genova";"GENOVA";"Liguria";"M De Ferrari";"2015";"2015-10-03T19:51:16Z";"205361300";"8.9343391";"44.4075818";
"Genova";"GENOVA";"Liguria";"M Dinegro";"2015";"2015-10-03T19:51:16Z";"1228579916";"8.9119356";"44.4139683";
"Genova";"GENOVA";"Liguria";"M Dinegro";"2015";"2015-10-03T19:51:16Z";"205364863";"8.91171379999999";"44.4139424999999";
"Genova";"GENOVA";"Liguria";"M Dinegro";"2015";"2015-10-03T19:51:16Z";"205365232";"8.9123895";"44.4138614";
"Genova";"GENOVA";"Liguria";"M Principe";"2015";"2015-10-03T19:51:17Z";"552472056";"8.9193584";"44.4162965";
"Genova";"GENOVA";"Liguria";"M Sarzano / Mura della Marina";"2015";"2015-10-03T19:51:17Z";"458808527";"8.93152229999999";"44.4035013";
"Genova";"GENOVA";"Liguria";"M Sarzano/Sant'Agostino";"2015";"2015-10-03T19:51:17Z";"205362334";"8.93181839999999";"44.4041928999999";
"Busto Arsizio";"VARESE";"Lombardia";"";"2014";"2014-03-27T08:19:25Z";"2746988060";"8.8527813";"45.6062859999999";
"Busto Arsizio";"VARESE";"Lombardia";"";"2014";"2014-03-27T08:19:25Z";"2746988061";"8.8528134";"45.6061583999999";
"Busto Arsizio";"VARESE";"Lombardia";"";"2014";"2014-03-27T08:19:25Z";"2746988062";"8.8500172";"45.6059623";
"Busto Arsizio";"VARESE";"Lombardia";"";"2014";"2014-03-27T08:19:25Z";"2746988063";"8.8500441";"45.6058337999999";
"Bussero";"MILANO";"Lombardia";"Bussero";"2013";"2013-05-10T11:43:26Z";"1789719887";"9.3758212";"45.5254324";
"Bussero";"MILANO";"Lombardia";"Bussero";"2013";"2013-05-10T11:43:27Z";"1789719888";"9.3758873";"45.5254505999999";
"Cassina de' Pecchi";"MILANO";"Lombardia";"Cassina De' Pecchi MM2";"2013";"2013-03-10T13:09:30Z";"2194201233";"9.3619985";"45.5215827999999";
"Cassina de' Pecchi";"MILANO";"Lombardia";"Cassina De' Pecchi MM2";"2013";"2013-03-10T13:09:30Z";"2194201241";"9.36193379999999";"45.5216964";
"Cernusco sul Naviglio";"MILANO";"Lombardia";"Villa Fiorita MM2";"2012";"2012-08-14T09:20:29Z";"1728271257";"9.3461809";"45.5204767";
"Cernusco sul Naviglio";"MILANO";"Lombardia";"Villa Fiorita MM2";"2012";"2012-08-14T09:20:29Z";"1728271258";"9.345979";"45.5204969999999";
"Gessate";"MILANO";"Lombardia";"Gessate MM2";"2014";"2014-05-25T09:59:44Z";"2879577934";"9.4371823";"45.5448280999999";
"Gessate";"MILANO";"Lombardia";"Gessate MM2";"2014";"2014-05-25T09:59:44Z";"2879577935";"9.4366244";"45.5448781999999";
"Gessate";"MILANO";"Lombardia";"Gessate MM2";"2014";"2014-05-25T09:59:44Z";"2879577936";"9.4367375";"45.5450750999999";
"Gessate";"MILANO";"Lombardia";"Gessate MM2";"2014";"2014-05-25T09:59:44Z";"2879577938";"9.43701929999999";"45.5452145";
"Gessate";"MILANO";"Lombardia";"Gessate MM2";"2014";"2014-05-25T09:59:44Z";"2879577939";"9.4363693";"45.5453358999999";
"Gessate";"MILANO";"Lombardia";"Gessate MM2";"2014";"2014-05-25T09:59:44Z";"2879577940";"9.4368965";"45.545459";
"Gorgonzola";"MILANO";"Lombardia";"Cascina Antonietta MM2";"2013";"2013-03-09T13:10:11Z";"2192482528";"9.4237383";"45.5418623999999";
"Gorgonzola";"MILANO";"Lombardia";"Gorgonzola MM2";"2013";"2013-03-09T13:10:16Z";"1469025145";"9.4036883";"45.5369891";
"Gorgonzola";"MILANO";"Lombardia";"Gorgonzola MM2";"2013";"2013-03-09T13:10:16Z";"1533193008";"9.4038538";"45.5365078999999";
"Gorgonzola";"MILANO";"Lombardia";"Gorgonzola MM2";"2013";"2013-03-09T13:10:16Z";"2188420830";"9.4034777";"45.5363552999999";
"Gorgonzola";"MILANO";"Lombardia";"Gorgonzola MM2";"2013";"2013-03-09T13:10:16Z";"2188420842";"9.4038466";"45.5364532999999";
"Gorgonzola";"MILANO";"Lombardia";"Villa Pompea MM2";"2013";"2013-03-04T19:39:08Z";"1728285734";"9.3850086";"45.5277255999999";
"Gorgonzola";"MILANO";"Lombardia";"Villa Pompea MM2";"2013";"2013-03-04T19:39:09Z";"1728285737";"9.3850688";"45.5277403999999";
"Milano";"MILANO";"Lombardia";"";"2011";"2011-11-29T13:57:17Z";"1523184155";"9.2244346";"45.5122379";
"Milano";"MILANO";"Lombardia";"";"2011";"2011-11-29T13:57:17Z";"1523184163";"9.22465719999999";"45.5121035";
"Milano";"MILANO";"Lombardia";"";"2011";"2011-11-29T13:57:18Z";"1523184184";"9.2246773";"45.5121702";
"Milano";"MILANO";"Lombardia";"";"2011";"2011-11-29T13:57:18Z";"1523184187";"9.2244051";"45.5121448";
"Milano";"MILANO";"Lombardia";"";"2011";"2011-11-29T14:15:55Z";"1523199185";"9.20118519999999";"45.4898767999999";
"Milano";"MILANO";"Lombardia";"";"2011";"2011-12-09T19:12:02Z";"1538527567";"9.1202586";"45.4940406999999";
"Milano";"MILANO";"Lombardia";"";"2011";"2011-12-09T19:55:05Z";"1538558617";"9.1880915";"45.4607369";
"Milano";"MILANO";"Lombardia";"";"2011";"2011-12-09T19:55:05Z";"1538558620";"9.1883417";"45.4604316";
"Milano";"MILANO";"Lombardia";"";"2011";"2011-12-09T20:24:21Z";"1538587698";"9.1937505";"45.4748183999999";
"Milano";"MILANO";"Lombardia";"";"2011";"2011-12-09T20:24:21Z";"1538587703";"9.1946325";"45.4745923999999";
"Milano";"MILANO";"Lombardia";"";"2012";"2012-01-26T17:13:19Z";"1606676497";"9.224262";"45.4590812";
"Milano";"MILANO";"Lombardia";"";"2012";"2012-01-26T17:13:19Z";"1606676501";"9.2235159";"45.4591271999999";
"Milano";"MILANO";"Lombardia";"";"2012";"2012-01-26T17:13:19Z";"1606676508";"9.22381249999999";"45.4593656999999";
"Milano";"MILANO";"Lombardia";"";"2012";"2012-01-26T17:13:19Z";"1606676512";"9.22406559999999";"45.4593691";
"Milano";"MILANO";"Lombardia";"";"2012";"2012-01-26T17:13:19Z";"1606676514";"9.22381629999999";"45.4596601";
"Milano";"MILANO";"Lombardia";"";"2012";"2012-01-26T17:13:19Z";"1606676518";"9.2240531";"45.4596662";
"Milano";"MILANO";"Lombardia";"";"2012";"2012-01-26T17:13:19Z";"1606676523";"9.2243448";"45.45982";
"Milano";"MILANO";"Lombardia";"";"2012";"2012-01-26T17:13:20Z";"1606676526";"9.2235948";"45.4599333999999";
"Milano";"MILANO";"Lombardia";"";"2012";"2012-01-29T20:51:08Z";"1611026382";"9.1496557";"45.4667754";
"Milano";"MILANO";"Lombardia";"";"2012";"2012-01-29T20:51:09Z";"1611026404";"9.18198059999999";"45.4677984";
"Milano";"MILANO";"Lombardia";"";"2012";"2012-01-29T20:51:09Z";"1611026409";"9.1764218";"45.4679519";
"Milano";"MILANO";"Lombardia";"";"2012";"2012-01-29T20:51:09Z";"1611026414";"9.1608921";"45.4680712999999";
"Milano";"MILANO";"Lombardia";"";"2012";"2012-01-29T20:51:10Z";"1611026420";"9.1602932";"45.4682827999999";
"Milano";"MILANO";"Lombardia";"";"2012";"2012-01-29T20:51:10Z";"1611026430";"9.1610257";"45.4684355999999";
"Milano";"MILANO";"Lombardia";"";"2012";"2012-01-29T20:51:10Z";"1611026436";"9.1828679";"45.4684776";
"Milano";"MILANO";"Lombardia";"";"2012";"2012-01-29T20:51:10Z";"1611026439";"9.1604007";"45.4684844";
"Milano";"MILANO";"Lombardia";"";"2012";"2012-01-29T20:51:10Z";"1611026450";"9.182572";"45.4686512999999";
"Milano";"MILANO";"Lombardia";"";"2012";"2012-01-29T20:51:11Z";"1611026496";"9.201967";"45.4715301";
"Milano";"MILANO";"Lombardia";"";"2012";"2012-01-29T20:51:12Z";"1611026517";"9.2026178";"45.4718518999999";
"Milano";"MILANO";"Lombardia";"";"2012";"2012-01-29T20:51:12Z";"1611026520";"9.20215499999999";"45.4719251";
"Milano";"MILANO";"Lombardia";"";"2012";"2012-01-29T20:51:12Z";"1611026523";"9.20247099999999";"45.4721495";
"Milano";"MILANO";"Lombardia";"";"2012";"2012-01-29T20:51:12Z";"1611026526";"9.2025982";"45.4722508999999";
"Milano";"MILANO";"Lombardia";"";"2012";"2012-01-29T20:51:12Z";"1611026531";"9.1512581";"45.4733801";
"Milano";"MILANO";"Lombardia";"";"2012";"2012-01-29T20:51:13Z";"1611026571";"9.1439061";"45.4788386999999";
"Milano";"MILANO";"Lombardia";"";"2012";"2012-01-29T20:51:13Z";"1611026578";"9.14417579999999";"45.4790064";
"Milano";"MILANO";"Lombardia";"";"2012";"2012-01-29T20:51:14Z";"1611026594";"9.14357279999999";"45.4790771999999";
"Milano";"MILANO";"Lombardia";"";"2012";"2012-01-29T20:51:14Z";"1611026608";"9.1440568";"45.4793334";
"Milano";"MILANO";"Lombardia";"";"2012";"2012-01-29T20:51:14Z";"1611026610";"9.1436892";"45.479443";
"Milano";"MILANO";"Lombardia";"";"2012";"2012-01-29T20:51:14Z";"1611026613";"9.2106595";"45.4798945";
"Milano";"MILANO";"Lombardia";"";"2012";"2012-01-29T20:51:14Z";"1611026615";"9.2107451";"45.4799865999999";
"Milano";"MILANO";"Lombardia";"";"2012";"2012-01-29T20:51:14Z";"1611026643";"9.21126879999999";"45.4802307";
"Milano";"MILANO";"Lombardia";"";"2012";"2012-01-29T20:51:14Z";"1611026645";"9.2113376";"45.4804808";
"Milano";"MILANO";"Lombardia";"";"2012";"2012-01-29T20:51:15Z";"1611026667";"9.2172639";"45.4839194999999";
"Milano";"MILANO";"Lombardia";"";"2012";"2012-01-29T20:51:15Z";"1611026674";"9.21496999999999";"45.4841047999999";
"Milano";"MILANO";"Lombardia";"";"2012";"2012-01-29T20:51:16Z";"1611026679";"9.2150894";"45.4842288999999";
"Milano";"MILANO";"Lombardia";"";"2012";"2012-01-29T20:51:16Z";"1611026684";"9.21468149999999";"45.4844389";
"Milano";"MILANO";"Lombardia";"";"2012";"2012-01-29T20:51:16Z";"1611026688";"9.21667399999999";"45.4856294";
"Milano";"MILANO";"Lombardia";"";"2012";"2012-01-29T20:51:16Z";"1611026692";"9.2165041";"45.4857159999999";
"Milano";"MILANO";"Lombardia";"";"2012";"2012-01-29T20:51:16Z";"1611026696";"9.1372687";"45.4857851";
"Milano";"MILANO";"Lombardia";"";"2012";"2012-01-29T20:51:16Z";"1611026699";"9.1369595";"45.4858628";
"Milano";"MILANO";"Lombardia";"";"2012";"2012-01-29T20:51:16Z";"1611026704";"9.21617509999999";"45.4858787";
"Milano";"MILANO";"Lombardia";"";"2012";"2012-01-29T20:51:17Z";"1611026710";"9.215992";"45.4859640999999";
"Milano";"MILANO";"Lombardia";"";"2012";"2012-01-29T20:51:17Z";"1611026712";"9.1375506";"45.4862443999999";
"Milano";"MILANO";"Lombardia";"";"2012";"2012-01-29T20:51:17Z";"1611026715";"9.1373579";"45.4862915";
"Milano";"MILANO";"Lombardia";"";"2012";"2012-01-29T20:51:17Z";"1611026718";"9.2161811";"45.486409";
"Milano";"MILANO";"Lombardia";"";"2012";"2012-01-29T20:51:17Z";"1611026725";"9.2165996";"45.4868256";
"Milano";"MILANO";"Lombardia";"";"2012";"2012-01-29T20:51:18Z";"1611026754";"9.2212326";"45.5007531999999";
"Milano";"MILANO";"Lombardia";"";"2012";"2012-01-29T20:51:18Z";"1611026757";"9.2209853";"45.5008282";
"Milano";"MILANO";"Lombardia";"";"2012";"2012-01-29T20:51:18Z";"1611026760";"9.2210477";"45.5010327999999";
"Milano";"MILANO";"Lombardia";"";"2012";"2012-02-29T08:50:42Z";"1652586452";"9.2363985";"45.4852650999999";
"Milano";"MILANO";"Lombardia";"";"2012";"2012-02-29T08:50:42Z";"1652586453";"9.2356748";"45.4847255";
"Milano";"MILANO";"Lombardia";"";"2012";"2012-02-29T08:50:42Z";"1652586455";"9.2358974";"45.4843568";
"Milano";"MILANO";"Lombardia";"";"2012";"2012-03-17T17:39:51Z";"1678473660";"9.1848113";"45.4850191";
"Milano";"MILANO";"Lombardia";"";"2012";"2012-09-25T08:31:19Z";"1931895463";"9.1765991";"45.4677288";
"Milano";"MILANO";"Lombardia";"";"2013";"2013-02-22T22:43:32Z";"2167931859";"9.2044827";"45.4839319";
"Milano";"MILANO";"Lombardia";"";"2013";"2013-05-04T16:13:27Z";"1611026433";"9.1816688";"45.4683792";
"Milano";"MILANO";"Lombardia";"";"2013";"2013-06-04T21:55:07Z";"1611026482";"9.2020403";"45.4713204";
"Milano";"MILANO";"Lombardia";"";"2013";"2013-06-04T21:55:07Z";"1611026486";"9.2021044";"45.4713806999999";
"Milano";"MILANO";"Lombardia";"";"2013";"2013-06-04T21:55:07Z";"1611026491";"9.20182179999999";"45.4713882";
"Milano";"MILANO";"Lombardia";"";"2013";"2013-07-28T16:25:38Z";"2167931875";"9.2041982";"45.4852734999999";
"Milano";"MILANO";"Lombardia";"";"2013";"2013-07-28T16:25:38Z";"2167931880";"9.203468";"45.4856349";
"Milano";"MILANO";"Lombardia";"";"2013";"2013-08-06T17:40:27Z";"1523199205";"9.2008419";"45.4896454";
"Milano";"MILANO";"Lombardia";"";"2013";"2013-08-07T08:39:17Z";"2409619676";"9.200708";"45.4894794";
"Milano";"MILANO";"Lombardia";"";"2013";"2013-08-08T13:55:42Z";"1611026619";"9.2104791";"45.4800170999999";
"Milano";"MILANO";"Lombardia";"";"2013";"2013-08-08T13:55:42Z";"1611026641";"9.2105631";"45.4801026";
"Milano";"MILANO";"Lombardia";"";"2013";"2013-08-08T13:55:42Z";"1611026644";"9.2114512";"45.4804284";
"Milano";"MILANO";"Lombardia";"";"2013";"2013-08-08T13:55:42Z";"1611026647";"9.2109899";"45.480535";
"Milano";"MILANO";"Lombardia";"";"2013";"2013-08-08T13:55:42Z";"1611026649";"9.2111011";"45.4806378999999";
"Milano";"MILANO";"Lombardia";"";"2013";"2013-10-07T17:06:13Z";"1541489955";"9.17708599999999";"45.4676171999999";
"Milano";"MILANO";"Lombardia";"";"2013";"2013-10-19T14:25:38Z";"2501673178";"9.1697262";"45.4526983";
"Milano";"MILANO";"Lombardia";"";"2013";"2013-10-19T14:25:41Z";"598600429";"9.1700838";"45.4523652999999";
"Milano";"MILANO";"Lombardia";"";"2013";"2013-10-19T14:25:41Z";"598600442";"9.1700675";"45.4524496";
"Milano";"MILANO";"Lombardia";"";"2013";"2013-10-19T14:25:41Z";"598600443";"9.1697392";"45.4526996";
"Milano";"MILANO";"Lombardia";"";"2013";"2013-10-23T14:22:37Z";"1611026387";"9.1660042";"45.4672235";
"Milano";"MILANO";"Lombardia";"";"2013";"2013-10-23T16:08:29Z";"1611026412";"9.1815833";"45.468007";
"Milano";"MILANO";"Lombardia";"";"2013";"2013-10-23T16:08:29Z";"2486767691";"9.1660944";"45.4676841";
"Milano";"MILANO";"Lombardia";"";"2013";"2013-10-23T16:08:29Z";"2486767694";"9.1661518";"45.4677178999999";
"Milano";"MILANO";"Lombardia";"";"2013";"2013-11-12T19:01:30Z";"1611026389";"9.1665772";"45.4673343999999";
"Milano";"MILANO";"Lombardia";"";"2013";"2013-11-12T19:09:25Z";"1904605103";"9.1828026";"45.4679920999999";
"Milano";"MILANO";"Lombardia";"";"2013";"2013-11-12T20:27:23Z";"1611026418";"9.181963";"45.4682517";
"Milano";"MILANO";"Lombardia";"";"2013";"2013-11-12T20:27:24Z";"2501633995";"9.1825546";"45.4681481";
"Milano";"MILANO";"Lombardia";"";"2013";"2013-11-12T21:24:58Z";"1541489967";"9.1755406";"45.4679982999999";
"Milano";"MILANO";"Lombardia";"";"2013";"2013-11-12T21:24:58Z";"1541489968";"9.1759242";"45.4681234999999";
"Milano";"MILANO";"Lombardia";"";"2013";"2013-11-12T21:24:58Z";"2258763139";"9.1760228";"45.4681763";
"Milano";"MILANO";"Lombardia";"";"2013";"2013-11-15T10:22:53Z";"1611026671";"9.2169766";"45.4839393999999";
"Milano";"MILANO";"Lombardia";"";"2013";"2013-11-16T17:13:25Z";"2535250741";"9.1690471";"45.4525495";
"Milano";"MILANO";"Lombardia";"";"2013";"2013-11-16T17:13:26Z";"2535250744";"9.16933779999999";"45.452761";
"Milano";"MILANO";"Lombardia";"";"2013";"2013-11-16T17:13:27Z";"1611026407";"9.1825118";"45.4678248999999";
"Milano";"MILANO";"Lombardia";"";"2013";"2013-11-16T17:13:28Z";"598600444";"9.1691416";"45.4527961";
"Milano";"MILANO";"Lombardia";"";"2013";"2013-11-20T18:30:44Z";"1538587717";"9.1950451";"45.4745016999999";
"Milano";"MILANO";"Lombardia";"";"2013";"2013-11-20T18:34:01Z";"1538587691";"9.1949065";"45.4743505";
"Milano";"MILANO";"Lombardia";"";"2013";"2013-11-22T11:12:07Z";"1611026738";"9.2197079";"45.4956906999999";
"Milano";"MILANO";"Lombardia";"";"2013";"2013-11-22T11:12:07Z";"1611026742";"9.2194456";"45.4957192999999";
"Milano";"MILANO";"Lombardia";"";"2013";"2013-11-22T11:12:07Z";"1611026746";"9.2197513";"45.4958433999999";
"Milano";"MILANO";"Lombardia";"";"2013";"2013-11-22T11:12:07Z";"1611026750";"9.2194875";"45.4958610999999";
"Milano";"MILANO";"Lombardia";"";"2013";"2013-11-29T09:56:56Z";"1721606919";"9.1733364";"45.4615449";
"Milano";"MILANO";"Lombardia";"";"2013";"2013-11-29T09:56:56Z";"1721606920";"9.17352769999999";"45.4616704999999";
"Milano";"MILANO";"Lombardia";"";"2013";"2013-11-29T09:56:56Z";"1721606921";"9.1731655";"45.4617749";
"Milano";"MILANO";"Lombardia";"";"2013";"2013-11-29T09:56:56Z";"1721606922";"9.1732878";"45.4618775";
"Milano";"MILANO";"Lombardia";"";"2013";"2013-12-06T21:14:44Z";"1611026663";"9.2173622";"45.4837783999999";
"Milano";"MILANO";"Lombardia";"";"2013";"2013-12-06T21:18:38Z";"1611026660";"9.2170865";"45.483407";
"Milano";"MILANO";"Lombardia";"";"2013";"2013-12-06T21:22:28Z";"1611026681";"9.2145405";"45.4842841";
"Milano";"MILANO";"Lombardia";"";"2013";"2013-12-06T21:22:28Z";"1611026686";"9.2155404";"45.4845080999999";
"Milano";"MILANO";"Lombardia";"";"2013";"2013-12-16T17:33:28Z";"1611026652";"9.2172912";"45.4833207";
"Milano";"MILANO";"Lombardia";"";"2014";"2014-01-01T18:38:12Z";"1611026477";"9.1551798";"45.4706954999999";
"Milano";"MILANO";"Lombardia";"";"2014";"2014-01-01T18:40:50Z";"1611026473";"9.15563279999999";"45.4706747999999";
"Milano";"MILANO";"Lombardia";"";"2014";"2014-01-01T18:41:12Z";"1611026468";"9.15493189999999";"45.4705841";
"Milano";"MILANO";"Lombardia";"";"2014";"2014-02-08T19:29:32Z";"2661663810";"9.14961699999999";"45.4666009999999";
"Milano";"MILANO";"Lombardia";"";"2014";"2014-02-08T21:20:55Z";"1611026378";"9.1501038";"45.4662014";
"Milano";"MILANO";"Lombardia";"";"2014";"2014-02-09T23:27:20Z";"2106249902";"9.1872016";"45.4838639";
"Milano";"MILANO";"Lombardia";"";"2014";"2014-02-09T23:30:47Z";"1678473655";"9.1873469";"45.4839121999999";
"Milano";"MILANO";"Lombardia";"";"2014";"2014-03-27T14:50:58Z";"1611026380";"9.1503384";"45.4666204999999";
"Milano";"MILANO";"Lombardia";"";"2014";"2014-03-27T14:50:58Z";"2747576040";"9.1423479";"45.4649988999999";
"Milano";"MILANO";"Lombardia";"";"2014";"2014-03-27T14:50:58Z";"2747576042";"9.1426054";"45.4650854";
"Milano";"MILANO";"Lombardia";"";"2014";"2014-03-27T14:50:58Z";"2747576044";"9.1425695";"45.4646343";
"Milano";"MILANO";"Lombardia";"";"2014";"2014-03-27T14:50:58Z";"2747576048";"9.14216839999999";"45.4646868";
"Milano";"MILANO";"Lombardia";"";"2014";"2014-03-27T15:26:27Z";"2747576046";"9.1432746";"45.4648922";
"Milano";"MILANO";"Lombardia";"";"2014";"2014-03-28T11:51:22Z";"2749532234";"9.2146526";"45.4838286";
"Milano";"MILANO";"Lombardia";"";"2014";"2014-07-06T18:41:40Z";"1611026500";"9.20239469999999";"45.471643";
"Milano";"MILANO";"Lombardia";"";"2014";"2014-07-06T18:41:40Z";"1611026515";"9.20217139999999";"45.4717569999999";
"Milano";"MILANO";"Lombardia";"";"2014";"2014-07-29T16:40:18Z";"649739525";"9.110347";"45.4969131";
"Milano";"MILANO";"Lombardia";"";"2014";"2014-08-20T20:34:23Z";"1611026455";"9.1821488";"45.4686536";
"Milano";"MILANO";"Lombardia";"";"2014";"2014-10-14T10:24:14Z";"3129054154";"9.17645319999999";"45.4678674";
"Milano";"MILANO";"Lombardia";"";"2014";"2014-11-19T22:00:45Z";"3129054168";"9.1741449";"45.5135397";
"Milano";"MILANO";"Lombardia";"";"2014";"2014-11-19T22:00:45Z";"3129054177";"9.1741247";"45.5135726";
"Milano";"MILANO";"Lombardia";"";"2015";"2015-01-22T14:59:34Z";"3129054162";"9.17427359999999";"45.5135578";
"Milano";"MILANO";"Lombardia";"";"2015";"2015-01-22T14:59:35Z";"3129054183";"9.17422189999999";"45.5136345";
"Milano";"MILANO";"Lombardia";"";"2015";"2015-02-26T14:57:01Z";"3373292665";"9.21661289999999";"45.4868327";
"Milano";"MILANO";"Lombardia";"";"2015";"2015-04-14T18:03:00Z";"1665695555";"9.2359481";"45.4849059";
"Milano";"MILANO";"Lombardia";"";"2015";"2015-04-25T15:36:51Z";"1611026661";"9.21674969999999";"45.4835398";
"Milano";"MILANO";"Lombardia";"";"2015";"2015-04-25T15:36:51Z";"1611026669";"9.2166811";"45.4839206999999";
"Milano";"MILANO";"Lombardia";"";"2015";"2015-05-07T22:47:41Z";"3503985883";"9.203745";"45.4851631";
"Milano";"MILANO";"Lombardia";"";"2015";"2015-05-07T22:47:41Z";"3503985885";"9.2034509";"45.4852672999999";
"Milano";"MILANO";"Lombardia";"";"2015";"2015-06-02T14:11:40Z";"1611026642";"9.2111673";"45.480144";
"Milano";"MILANO";"Lombardia";"";"2015";"2015-09-04T18:59:49Z";"3729682169";"9.12810299999999";"45.4758421";
"Milano";"MILANO";"Lombardia";"";"2015";"2015-09-04T18:59:49Z";"3729682170";"9.1290074";"45.4764513";
"Milano";"MILANO";"Lombardia";"";"2015";"2015-09-04T18:59:49Z";"3729682171";"9.11884019999999";"45.4765032";
"Milano";"MILANO";"Lombardia";"";"2015";"2015-09-04T18:59:49Z";"3729682172";"9.1283524";"45.4758119999999";
"Milano";"MILANO";"Lombardia";"";"2015";"2015-09-05T13:52:22Z";"3730535434";"9.1373278";"45.4764704999999";
"Milano";"MILANO";"Lombardia";"";"2015";"2015-09-05T13:52:23Z";"3483891568";"9.1373199";"45.4761772";
"Milano";"MILANO";"Lombardia";"";"2015";"2015-09-05T13:52:23Z";"3483891584";"9.1379242";"45.4762288";
"Milano";"MILANO";"Lombardia";"";"2015";"2015-09-05T13:52:23Z";"3483892204";"9.1373449";"45.4765862";
"Milano";"MILANO";"Lombardia";"";"2015";"2015-09-05T17:28:58Z";"1541475251";"9.2172544";"45.4657874999999";
"Milano";"MILANO";"Lombardia";"";"2015";"2015-11-21T09:49:10Z";"3848626160";"9.2033364";"45.4838920999999";
"Milano";"MILANO";"Lombardia";"";"2015";"2015-11-21T09:51:25Z";"2181279963";"9.2028164";"45.4837633";
"Milano";"MILANO";"Lombardia";"";"2015";"2015-11-21T09:51:26Z";"2181279965";"9.2027456";"45.4838001";
"Milano";"MILANO";"Lombardia";"";"2015";"2015-11-21T09:51:27Z";"2181279985";"9.201981";"45.4841763";
"Milano";"MILANO";"Lombardia";"";"2015";"2015-11-21T09:51:27Z";"2181279987";"9.2019157";"45.4842054";
"Milano";"MILANO";"Lombardia";"";"2015";"2015-11-21T09:51:28Z";"2181279992";"9.2028164";"45.4846663";
"Milano";"MILANO";"Lombardia";"Abbiategrasso";"2011";"2011-11-16T11:48:02Z";"1505105322";"9.1775106";"45.4296799999999";
"Milano";"MILANO";"Lombardia";"Abbiategrasso";"2011";"2011-11-16T11:48:03Z";"1505105328";"9.1778029";"45.4303795";
"Milano";"MILANO";"Lombardia";"Abbiategrasso";"2011";"2011-11-16T11:48:03Z";"1505105348";"9.1776716";"45.4296555";
"Milano";"MILANO";"Lombardia";"Abbiategrasso";"2014";"2014-01-17T14:42:44Z";"2625936631";"9.1784523";"45.4302421";
"Milano";"MILANO";"Lombardia";"Abbiategrasso";"2015";"2015-10-13T18:58:10Z";"1505105318";"9.17837729999999";"45.429864";
"Milano";"MILANO";"Lombardia";"Affori Centro";"2015";"2015-12-23T17:53:00Z";"2772922163";"9.1742668";"45.5134991999999";
"Milano";"MILANO";"Lombardia";"Affori FN";"2012";"2012-07-19T10:04:35Z";"1514366493";"9.1680088";"45.5217896999999";
"Milano";"MILANO";"Lombardia";"Affori FN";"2012";"2012-09-02T13:18:18Z";"1558185788";"9.1680417";"45.5215812";
"Milano";"MILANO";"Lombardia";"Affori FN";"2013";"2013-11-03T18:05:45Z";"1514366494";"9.1693972";"45.5205575";
"Milano";"MILANO";"Lombardia";"Affori FN";"2013";"2013-11-03T18:05:45Z";"1514366495";"9.1691188";"45.5206135";
"Milano";"MILANO";"Lombardia";"Amendola";"2015";"2015-03-01T16:54:44Z";"1611026535";"9.1510561";"45.4735297";
"Milano";"MILANO";"Lombardia";"Amendola";"2015";"2015-03-01T16:54:45Z";"1611026537";"9.15142";"45.4737513999999";
"Milano";"MILANO";"Lombardia";"Amendola";"2015";"2015-03-01T16:54:45Z";"1611026555";"9.1506984";"45.4742594";
"Milano";"MILANO";"Lombardia";"Amendola";"2015";"2015-03-01T16:54:45Z";"1611026559";"9.1508457";"45.4743544";
"Milano";"MILANO";"Lombardia";"Bande Nere";"2013";"2013-02-26T21:25:57Z";"2175986795";"9.1368484";"45.4610034999999";
"Milano";"MILANO";"Lombardia";"Bande Nere";"2013";"2013-02-26T21:25:57Z";"2175986806";"9.1364719";"45.4610501";
"Milano";"MILANO";"Lombardia";"Bande Nere";"2014";"2014-04-15T17:59:55Z";"2793208063";"9.135901";"45.4613671999999";
"Milano";"MILANO";"Lombardia";"Bande Nere";"2014";"2014-04-15T17:59:55Z";"2793208064";"9.1359045";"45.461468";
"Milano";"MILANO";"Lombardia";"Bande Nere";"2015";"2015-03-01T23:26:57Z";"3378814264";"9.13793139999999";"45.4611578";
"Milano";"MILANO";"Lombardia";"Bande Nere";"2015";"2015-03-01T23:26:58Z";"2793208065";"9.1371081";"45.4617036";
"Milano";"MILANO";"Lombardia";"Bande Nere";"2015";"2015-09-28T22:13:32Z";"3763180373";"9.137435";"45.4611142999999";
"Milano";"MILANO";"Lombardia";"Bicocca";"2013";"2013-02-09T17:37:56Z";"1890385237";"9.2047142";"45.5143685";
"Milano";"MILANO";"Lombardia";"Bicocca";"2013";"2013-02-09T17:37:56Z";"1890385243";"9.2055266";"45.5142621999999";
"Milano";"MILANO";"Lombardia";"Bicocca";"2013";"2013-02-09T17:37:57Z";"1890385232";"9.2048322";"45.514577";
"Milano";"MILANO";"Lombardia";"Bicocca";"2013";"2013-02-09T17:37:57Z";"1890385236";"9.20555339999999";"45.5145216";
"Milano";"MILANO";"Lombardia";"Bicocca";"2013";"2013-02-09T17:37:57Z";"1890385241";"9.2049499";"45.5145422";
"Milano";"MILANO";"Lombardia";"Bignami";"2013";"2013-02-09T17:36:18Z";"1890364245";"9.2117248";"45.5267535999999";
"Milano";"MILANO";"Lombardia";"Bignami";"2013";"2013-02-09T17:36:18Z";"1890364247";"9.2124624";"45.5268627";
"Milano";"MILANO";"Lombardia";"Bignami";"2013";"2013-02-09T17:36:18Z";"1890364249";"9.2123095";"45.5265939";
"Milano";"MILANO";"Lombardia";"Bignami";"2013";"2013-02-09T17:36:18Z";"1890364251";"9.21187499999999";"45.5270206";
"Milano";"MILANO";"Lombardia";"Brenta";"2011";"2011-11-16T11:38:57Z";"1505099593";"9.21854169999999";"45.442405";
"Milano";"MILANO";"Lombardia";"Brenta";"2011";"2011-11-16T11:38:57Z";"1505099596";"9.2180323";"45.4430315999999";
"Milano";"MILANO";"Lombardia";"Brenta";"2011";"2011-11-16T11:38:57Z";"1505099598";"9.2194859";"45.4427644";
"Milano";"MILANO";"Lombardia";"Brenta";"2013";"2013-08-04T14:35:57Z";"2406966004";"9.21891699999999";"45.4425577";
"Milano";"MILANO";"Lombardia";"Ca' Granda";"2014";"2014-06-01T13:42:47Z";"2147995257";"9.200804";"45.5072082";
"Milano";"MILANO";"Lombardia";"Ca' Granda";"2014";"2014-06-01T13:42:47Z";"2149783869";"9.2006929";"45.5075331999999";
"Milano";"MILANO";"Lombardia";"Ca' Granda";"2014";"2014-06-01T13:53:02Z";"2147995253";"9.20144";"45.5071451";
"Milano";"MILANO";"Lombardia";"Caiazzo";"2015";"2015-10-03T07:59:39Z";"2609144759";"9.2090906";"45.4854072999999";
"Milano";"MILANO";"Lombardia";"Caiazzo";"2015";"2015-10-03T07:59:39Z";"2609144760";"9.2091855";"45.4851535";
"Milano";"MILANO";"Lombardia";"Cenisio";"2015";"2015-09-18T19:09:42Z";"3629147945";"9.1723675";"45.4877398";
"Milano";"MILANO";"Lombardia";"Cimiano M2";"2013";"2013-03-04T19:33:31Z";"1772538748";"9.24086";"45.499467";
"Milano";"MILANO";"Lombardia";"Cimiano M2";"2013";"2013-03-04T19:33:31Z";"1772538752";"9.2404112";"45.4997205";
"Milano";"MILANO";"Lombardia";"Cimiano M2";"2013";"2013-03-04T19:33:31Z";"1772538757";"9.2407768";"45.4994051999999";
"Milano";"MILANO";"Lombardia";"Cimiano M2";"2013";"2013-03-04T19:33:31Z";"2024986424";"9.24036579999999";"45.4996861999999";
"Milano";"MILANO";"Lombardia";"Comasina";"2012";"2012-10-14T17:26:00Z";"1965093088";"9.16381";"45.5284449999999";
"Milano";"MILANO";"Lombardia";"Comasina";"2014";"2014-12-21T20:38:28Z";"1514367260";"9.1639744";"45.5283550999999";
"Milano";"MILANO";"Lombardia";"Comasina";"2014";"2014-12-24T11:02:38Z";"1514367261";"9.1633375";"45.5284084999999";
"Milano";"MILANO";"Lombardia";"Comasina";"2014";"2014-12-24T11:02:38Z";"1514367262";"9.1634962";"45.5281176";
"Milano";"MILANO";"Lombardia";"Cordusio";"2015";"2015-05-17T18:00:34Z";"1611026359";"9.1865731";"45.4651605";
"Milano";"MILANO";"Lombardia";"Cordusio";"2015";"2015-05-17T18:00:34Z";"2403722339";"9.185987";"45.4655351999999";
"Milano";"MILANO";"Lombardia";"Cordusio";"2015";"2015-05-17T18:00:35Z";"1611026364";"9.1867405";"45.4655441";
"Milano";"MILANO";"Lombardia";"Cordusio";"2015";"2015-05-17T18:00:35Z";"1611026366";"9.1861114";"45.4656919";
"Milano";"MILANO";"Lombardia";"Corvetto";"2011";"2011-11-16T10:52:05Z";"1505078329";"9.2236096";"45.4398107";
"Milano";"MILANO";"Lombardia";"Corvetto";"2011";"2011-11-16T10:52:05Z";"1505078331";"9.2239986";"45.4406707999999";
"Milano";"MILANO";"Lombardia";"Corvetto";"2011";"2011-11-16T10:52:05Z";"1505078333";"9.2238604";"45.4404054";
"Milano";"MILANO";"Lombardia";"Corvetto";"2011";"2011-11-16T10:52:05Z";"1505078334";"9.2236821";"45.4400272";
"Milano";"MILANO";"Lombardia";"Crescenzago M2";"2013";"2013-03-04T19:34:53Z";"1772521142";"9.2471932";"45.5050676999999";
"Milano";"MILANO";"Lombardia";"Crescenzago M2";"2013";"2013-03-04T19:34:53Z";"1772521143";"9.24785299999999";"45.5047866999999";
"Milano";"MILANO";"Lombardia";"Crescenzago M2";"2013";"2013-03-04T19:34:53Z";"1772534522";"9.2482443";"45.5044398";
"Milano";"MILANO";"Lombardia";"Crocetta";"2016";"2016-02-06T10:12:55Z";"1538558619";"9.1957087";"45.4559726999999";
"Milano";"MILANO";"Lombardia";"Crocetta";"2016";"2016-02-06T10:12:57Z";"2011041270";"9.1951721";"45.4562831";
"Milano";"MILANO";"Lombardia";"Crocetta";"2016";"2016-02-06T10:12:57Z";"2011041275";"9.194979";"45.45644";
"Milano";"MILANO";"Lombardia";"Dateo";"2015";"2015-09-06T14:36:33Z";"2344518541";"9.2184165";"45.4679229999999";
"Milano";"MILANO";"Lombardia";"Dergano";"2011";"2011-11-23T17:19:35Z";"1514365620";"9.1797349";"45.5056213";
"Milano";"MILANO";"Lombardia";"Duomo";"2015";"2015-01-24T17:08:09Z";"1611026335";"9.1884814";"45.4645477999999";
"Milano";"MILANO";"Lombardia";"Duomo";"2015";"2015-10-30T18:41:43Z";"1611026295";"9.18803469999999";"45.4636067";
"Milano";"MILANO";"Lombardia";"Duomo";"2015";"2015-10-30T18:41:43Z";"2181512761";"9.18841819999999";"45.4635742999999";
"Milano";"MILANO";"Lombardia";"Duomo";"2015";"2015-10-30T18:41:44Z";"1611026298";"9.18830799999999";"45.4636117";
"Milano";"MILANO";"Lombardia";"Duomo";"2015";"2015-10-30T18:41:44Z";"1611026300";"9.1887182";"45.4636891999999";
"Milano";"MILANO";"Lombardia";"Duomo";"2015";"2015-10-30T18:41:44Z";"1611026304";"9.18890339999999";"45.4636874999999";
"Milano";"MILANO";"Lombardia";"Duomo";"2015";"2015-10-30T18:41:44Z";"1611026307";"9.18800079999999";"45.4638265";
"Milano";"MILANO";"Lombardia";"Duomo";"2015";"2015-10-30T18:41:44Z";"1611026310";"9.1883066";"45.4638648";
"Milano";"MILANO";"Lombardia";"Duomo";"2015";"2015-10-30T18:41:44Z";"1611026320";"9.18989889999999";"45.4638739";
"Milano";"MILANO";"Lombardia";"Duomo";"2015";"2015-10-30T18:41:44Z";"1611026321";"9.1901338";"45.4638765999999";
"Milano";"MILANO";"Lombardia";"Duomo";"2015";"2015-10-30T18:41:44Z";"1611026323";"9.1884624";"45.4638804";
"Milano";"MILANO";"Lombardia";"Duomo";"2015";"2015-10-30T18:41:44Z";"1611026325";"9.1892598";"45.4639268";
"Milano";"MILANO";"Lombardia";"Duomo";"2015";"2015-10-30T18:41:44Z";"1611026328";"9.18927459999999";"45.4644598";
"Milano";"MILANO";"Lombardia";"Duomo";"2015";"2015-10-30T18:41:44Z";"1611026331";"9.1901023";"45.4645257999999";
"Milano";"MILANO";"Lombardia";"Duomo";"2015";"2015-10-30T18:41:44Z";"1611026337";"9.1924878";"45.4645739999999";
"Milano";"MILANO";"Lombardia";"Duomo";"2015";"2015-10-30T18:41:45Z";"1611026346";"9.19100489999999";"45.4645956";
"Milano";"MILANO";"Lombardia";"Duomo";"2015";"2015-10-30T18:41:45Z";"1611026349";"9.19098679999999";"45.464762";
"Milano";"MILANO";"Lombardia";"Duomo";"2015";"2015-10-30T18:41:45Z";"1611026351";"9.1924247";"45.4647635999999";
"Milano";"MILANO";"Lombardia";"Duomo";"2015";"2015-10-30T18:41:45Z";"1611026353";"9.1890972";"45.4647695999999";
"Milano";"MILANO";"Lombardia";"Duomo";"2015";"2015-10-30T18:41:45Z";"1611026355";"9.1896939";"45.4647774999999";
"Milano";"MILANO";"Lombardia";"Duomo";"2015";"2015-10-30T18:41:45Z";"1611026357";"9.1907691";"45.4649416999999";
"Milano";"MILANO";"Lombardia";"Duomo";"2015";"2015-10-30T18:41:45Z";"2294595926";"9.1887297";"45.4647685999999";
"Milano";"MILANO";"Lombardia";"Famagosta";"2011";"2011-11-16T11:51:07Z";"1505106677";"9.16830779999999";"45.4366076";
"Milano";"MILANO";"Lombardia";"Famagosta";"2012";"2012-06-16T21:15:25Z";"1505106689";"9.1687858";"45.4371988999999";
"Milano";"MILANO";"Lombardia";"Famagosta";"2014";"2014-08-12T14:27:21Z";"3012431712";"9.1686706";"45.4368918999999";
"Milano";"MILANO";"Lombardia";"Famagosta";"2015";"2015-04-18T10:18:53Z";"1505106680";"9.1682424";"45.4377733999999";
"Milano";"MILANO";"Lombardia";"Garibaldi M5";"2015";"2015-01-24T09:07:52Z";"2694629986";"9.1867529";"45.4835361";
"Milano";"MILANO";"Lombardia";"Garibaldi M5";"2015";"2015-01-24T09:13:59Z";"3307158961";"9.1863094";"45.4835698999999";
"Milano";"MILANO";"Lombardia";"Garibaldi M5";"2015";"2015-01-24T09:14:12Z";"2571721701";"9.1868388";"45.4836425";
"Milano";"MILANO";"Lombardia";"Garibaldi M5";"2015";"2015-01-24T09:14:12Z";"2694631749";"9.1869384";"45.4832892";
"Milano";"MILANO";"Lombardia";"Garibaldi M5";"2015";"2015-01-24T09:14:12Z";"2694631753";"9.1866989";"45.4833952999999";
"Milano";"MILANO";"Lombardia";"Gioia";"2011";"2011-10-29T18:21:06Z";"1484905503";"9.1953017";"45.4844019";
"Milano";"MILANO";"Lombardia";"Gioia";"2011";"2011-10-29T18:21:06Z";"1484905504";"9.1956006";"45.4845808";
"Milano";"MILANO";"Lombardia";"Gioia";"2011";"2011-10-29T18:21:06Z";"1484905505";"9.1947889";"45.4847027";
"Milano";"MILANO";"Lombardia";"Gioia";"2012";"2012-01-09T11:30:35Z";"1583651470";"9.1956792";"45.4845334999999";
"Milano";"MILANO";"Lombardia";"Gioia";"2012";"2012-01-09T11:30:36Z";"1484905506";"9.1950467";"45.4849056999999";
"Milano";"MILANO";"Lombardia";"Gioia";"2013";"2013-03-27T12:59:29Z";"1583651469";"9.1954739";"45.4842986999999";
"Milano";"MILANO";"Lombardia";"Gorla";"2015";"2015-08-29T08:08:30Z";"1611026762";"9.2229734";"45.506529";
"Milano";"MILANO";"Lombardia";"Gorla";"2015";"2015-08-29T08:08:31Z";"1611026773";"9.2227166";"45.5065549999999";
"Milano";"MILANO";"Lombardia";"Gorla";"2015";"2015-08-29T08:08:32Z";"1611026776";"9.2230005";"45.5066356999999";
"Milano";"MILANO";"Lombardia";"Gorla";"2015";"2015-08-29T08:08:32Z";"1611026781";"9.2227473";"45.5066759999999";
"Milano";"MILANO";"Lombardia";"Inganni";"2013";"2013-02-26T21:25:57Z";"2175986813";"9.1216627";"45.4573398";
"Milano";"MILANO";"Lombardia";"Inganni";"2013";"2013-02-26T21:25:57Z";"2175986820";"9.12220059999999";"45.4573419999999";
"Milano";"MILANO";"Lombardia";"Inganni";"2013";"2013-02-26T21:25:57Z";"2175986825";"9.12254869999999";"45.4574348";
"Milano";"MILANO";"Lombardia";"Inganni";"2013";"2013-02-26T21:25:57Z";"2175986836";"9.1215682";"45.457526";
"Milano";"MILANO";"Lombardia";"Inganni";"2013";"2013-02-26T21:25:57Z";"2175986839";"9.1216761";"45.4575579999999";
"Milano";"MILANO";"Lombardia";"Istria";"2013";"2013-02-09T17:38:40Z";"1890388658";"9.1983037";"45.5013889";
"Milano";"MILANO";"Lombardia";"Istria";"2013";"2013-02-09T17:38:40Z";"1890388667";"9.1982634";"45.5014285";
"Milano";"MILANO";"Lombardia";"Istria";"2013";"2013-02-09T17:38:40Z";"1890388669";"9.1974639";"45.5016285";
"Milano";"MILANO";"Lombardia";"Istria";"2013";"2013-02-09T17:38:40Z";"1890388671";"9.1975309";"45.501638";
"Milano";"MILANO";"Lombardia";"Lambrate";"2014";"2014-01-10T22:24:50Z";"1652586454";"9.2340684";"45.4839526";
"Milano";"MILANO";"Lombardia";"Lancetti";"2012";"2012-12-13T15:49:14Z";"2065004940";"9.1762827";"45.4955290999999";
"Milano";"MILANO";"Lombardia";"Lancetti";"2012";"2012-12-13T15:49:14Z";"2065004944";"9.1762671";"45.4956172999999";
"Milano";"MILANO";"Lombardia";"Lanza";"2015";"2015-10-16T15:07:32Z";"1931895470";"9.18290129999999";"45.4717466";
"Milano";"MILANO";"Lombardia";"Lanza";"2015";"2015-10-16T15:07:32Z";"1931895481";"9.1821639";"45.4721746999999";
"Milano";"MILANO";"Lombardia";"Lanza";"2015";"2015-10-16T15:07:32Z";"2529643854";"9.18238889999999";"45.4721687999999";
"Milano";"MILANO";"Lombardia";"Lanza";"2015";"2015-10-16T15:07:33Z";"1931895482";"9.18295479999999";"45.4723266";
"Milano";"MILANO";"Lombardia";"Linea 7 - Arcimboldi";"2014";"2014-06-16T19:06:33Z";"2919152417";"9.2136587";"45.5163207";
"Milano";"MILANO";"Lombardia";"Linea 7 - Arcimboldi";"2014";"2014-06-16T19:06:40Z";"1505409654";"9.21350389999999";"45.515894";
"Milano";"MILANO";"Lombardia";"Linea 7 - Arcimboldi";"2014";"2014-06-16T19:06:40Z";"1505409655";"9.2138814";"45.5159986999999";
"Milano";"MILANO";"Lombardia";"Linea 7 - Arcimboldi";"2014";"2014-06-16T19:06:40Z";"1522996868";"9.21364";"45.5155748";
"Milano";"MILANO";"Lombardia";"Lodi TIBB";"2011";"2011-11-16T11:40:57Z";"1505100174";"9.2102325";"45.4468073999999";
"Milano";"MILANO";"Lombardia";"Lodi TIBB";"2011";"2011-11-16T11:40:57Z";"1505100176";"9.2095002";"45.4473776";
"Milano";"MILANO";"Lombardia";"Lodi TIBB";"2011";"2011-11-16T11:40:57Z";"1505100178";"9.2104339";"45.4468113";
"Milano";"MILANO";"Lombardia";"Lodi TIBB";"2011";"2011-11-16T11:40:57Z";"1505100179";"9.209464";"45.4472515";
"Milano";"MILANO";"Lombardia";"Lodi TIBB";"2011";"2011-11-16T11:40:57Z";"1505100180";"9.2097564";"45.4469909";
"Milano";"MILANO";"Lombardia";"Loreto";"2016";"2016-02-07T16:57:23Z";"1611026720";"9.2175373";"45.4865204999999";
"Milano";"MILANO";"Lombardia";"Loreto";"2016";"2016-02-07T16:57:24Z";"3373292660";"9.2171268";"45.4867637999999";
"Milano";"MILANO";"Lombardia";"Maciachini";"2011";"2011-11-23T17:04:56Z";"1514365318";"9.1851227";"45.4982218999999";
"Milano";"MILANO";"Lombardia";"Maciachini";"2011";"2011-11-23T17:04:56Z";"1514365331";"9.1848893";"45.4982049999999";
"Milano";"MILANO";"Lombardia";"Maciachini";"2011";"2011-11-23T17:04:56Z";"530113183";"9.1852534";"45.4977074";
"Milano";"MILANO";"Lombardia";"Maciachini";"2012";"2012-11-04T17:21:35Z";"1997327033";"9.1850856";"45.4978641";
"Milano";"MILANO";"Lombardia";"Maciachini";"2013";"2013-10-12T15:48:14Z";"530113184";"9.1846269";"45.4977962999999";
"Milano";"MILANO";"Lombardia";"Maciachini";"2013";"2013-10-12T15:48:15Z";"1997327032";"9.18426949999999";"45.497802";
"Milano";"MILANO";"Lombardia";"Maciachini";"2013";"2013-10-12T15:48:15Z";"1997327034";"9.1843302";"45.4978930999999";
"Milano";"MILANO";"Lombardia";"Maciachini";"2014";"2014-02-03T15:26:14Z";"1514365321";"9.1851955";"45.4980616";
"Milano";"MILANO";"Lombardia";"Marche";"2015";"2015-09-06T10:46:58Z";"2098252909";"9.19524979999999";"45.4963271";
"Milano";"MILANO";"Lombardia";"Marche";"2015";"2015-09-06T10:46:59Z";"2098252905";"9.1953542";"45.4962657";
"Milano";"MILANO";"Lombardia";"Marche";"2015";"2015-09-06T10:48:29Z";"2098252913";"9.1946773";"45.4963807999999";
"Milano";"MILANO";"Lombardia";"Marche";"2015";"2015-11-28T14:40:09Z";"3726139992";"9.1947769";"45.4966627";
"Milano";"MILANO";"Lombardia";"Milano Dateo";"2013";"2013-09-09T20:49:19Z";"1541477990";"9.2170393";"45.4680978";
"Milano";"MILANO";"Lombardia";"Milano Dateo";"2013";"2013-09-09T20:49:19Z";"1541477998";"9.2170433";"45.4678015";
"Milano";"MILANO";"Lombardia";"Milano Dateo";"2015";"2015-08-27T20:38:06Z";"3717520089";"9.217599";"45.4680287999999";
"Milano";"MILANO";"Lombardia";"Milano Dateo";"2015";"2015-08-27T20:38:06Z";"3717520094";"9.2175976";"45.4679292";
"Milano";"MILANO";"Lombardia";"Milano Dateo";"2015";"2015-09-05T17:28:58Z";"1541475239";"9.2173759";"45.4657916";
"Milano";"MILANO";"Lombardia";"Milano Dateo";"2015";"2015-09-05T17:28:58Z";"1541475243";"9.2172557";"45.4656097";
"Milano";"MILANO";"Lombardia";"Milano Dateo";"2015";"2015-09-05T17:28:59Z";"1541475247";"9.21739829999999";"45.4656160999999";
"Milano";"MILANO";"Lombardia";"Milano Lancetti";"2013";"2013-09-09T20:33:48Z";"1485821355";"9.1768085";"45.494514";
"Milano";"MILANO";"Lombardia";"Milano Lancetti";"2013";"2013-09-09T20:35:58Z";"2064972837";"9.1761341";"45.4952072";
"Milano";"MILANO";"Lombardia";"Milano Lancetti";"2013";"2013-09-09T20:35:58Z";"2065004937";"9.1764039";"45.4951117";
"Milano";"MILANO";"Lombardia";"Milano Lancetti";"2014";"2014-02-03T13:45:09Z";"2064972839";"9.1761243";"45.4952867";
"Milano";"MILANO";"Lombardia";"Milano Lancetti";"2014";"2014-02-03T15:22:21Z";"1606676475";"9.176273";"45.494781";
"Milano";"MILANO";"Lombardia";"Milano P.ta Garibaldi";"2013";"2013-09-09T20:49:19Z";"1678473664";"9.1832973";"45.4851609999999";
"Milano";"MILANO";"Lombardia";"Milano P.ta Garibaldi";"2013";"2013-09-09T20:49:19Z";"2106249909";"9.1832287";"45.4851369";
"Milano";"MILANO";"Lombardia";"Milano P.ta Venezia";"2013";"2013-09-09T20:44:39Z";"1523205688";"9.208171";"45.4764900999999";
"Milano";"MILANO";"Lombardia";"Milano P.ta Venezia";"2013";"2013-09-09T20:44:39Z";"1523205690";"9.20711949999999";"45.4763725999999";
"Milano";"MILANO";"Lombardia";"Milano P.ta Venezia";"2013";"2013-09-09T20:44:39Z";"1523205691";"9.2068868";"45.476474";
"Milano";"MILANO";"Lombardia";"Milano P.ta Venezia";"2013";"2013-09-09T20:44:39Z";"1678538861";"9.21072719999999";"45.4748218";
"Milano";"MILANO";"Lombardia";"Milano P.ta Venezia";"2013";"2013-11-21T09:20:45Z";"1678538853";"9.2104681";"45.4747662999999";
"Milano";"MILANO";"Lombardia";"Milano Repubblica";"2013";"2013-09-09T20:38:27Z";"1523199182";"9.1990136";"45.4800163999999";
"Milano";"MILANO";"Lombardia";"Milano Repubblica";"2013";"2013-09-09T20:38:27Z";"1523199206";"9.1983659";"45.4803028999999";
"Milano";"MILANO";"Lombardia";"Milano Repubblica";"2013";"2013-09-09T20:38:27Z";"1523199209";"9.1987173";"45.4806415999999";
"Milano";"MILANO";"Lombardia";"Milano Repubblica";"2013";"2013-09-09T20:38:27Z";"1523199212";"9.199232";"45.4804129999999";
"Milano";"MILANO";"Lombardia";"Milano Repubblica";"2013";"2013-09-09T20:38:27Z";"1946783553";"9.1976073";"45.4812175";
"Milano";"MILANO";"Lombardia";"Milano Repubblica";"2013";"2013-09-09T20:44:38Z";"1523199193";"9.1988284";"45.4807471";
"Milano";"MILANO";"Lombardia";"Milano Repubblica";"2013";"2013-09-09T20:44:38Z";"1523199208";"9.1993357";"45.4805168999999";
"Milano";"MILANO";"Lombardia";"Milano Repubblica";"2014";"2014-01-02T12:25:41Z";"1946783552";"9.1971231";"45.4809867999999";
"Milano";"MILANO";"Lombardia";"Milano Repubblica";"2014";"2014-12-03T20:30:00Z";"3217983490";"9.1969449";"45.4814014999999";
"Milano";"MILANO";"Lombardia";"Milano Repubblica";"2014";"2014-12-03T20:30:00Z";"3217983491";"9.1968271";"45.4814538999999";
"Milano";"MILANO";"Lombardia";"Milano Villapizzone";"2013";"2013-09-09T20:35:58Z";"2438947434";"9.15080979999999";"45.5015588999999";
"Milano";"MILANO";"Lombardia";"Milano Villapizzone";"2013";"2013-09-09T20:35:58Z";"2438954271";"9.1510908";"45.5026518";
"Milano";"MILANO";"Lombardia";"Milano Villapizzone";"2013";"2013-09-09T20:35:58Z";"894776872";"9.1512483";"45.5023254999999";
"Milano";"MILANO";"Lombardia";"Milano Villapizzone";"2014";"2014-08-24T17:46:43Z";"2438942337";"9.1501204";"45.5019363999999";
"Milano";"MILANO";"Lombardia";"Missori";"2016";"2016-02-06T10:13:23Z";"1538558616";"9.1906054";"45.4603094";
"Milano";"MILANO";"Lombardia";"Missori";"2016";"2016-02-06T10:13:23Z";"1538558618";"9.1900762";"45.4599337";
"Milano";"MILANO";"Lombardia";"MM3, MM5 - Zara";"2014";"2014-03-15T19:34:57Z";"2129506810";"9.1928816";"45.4929307";
"Milano";"MILANO";"Lombardia";"MM3, MM5 - Zara";"2014";"2014-03-15T19:34:57Z";"2419111876";"9.1926694";"45.4919546";
"Milano";"MILANO";"Lombardia";"MM3, MM5 - Zara";"2014";"2014-03-15T19:34:57Z";"2419111878";"9.1923384";"45.4920280999999";
"Milano";"MILANO";"Lombardia";"MM3, MM5 - Zara";"2014";"2014-03-16T08:44:54Z";"250884001";"9.1924902";"45.4923033";
"Milano";"MILANO";"Lombardia";"MM3, MM5 - Zara";"2014";"2014-03-16T08:44:55Z";"2129506811";"9.1928509";"45.4922887";
"Milano";"MILANO";"Lombardia";"MM3, MM5 - Zara";"2015";"2015-09-06T11:17:16Z";"2129506812";"9.1931362";"45.4928566999999";
"Milano";"MILANO";"Lombardia";"MM3 - Zara";"2013";"2013-01-26T17:36:06Z";"256853588";"9.192805";"45.4922042999999";
"Milano";"MILANO";"Lombardia";"MM5 - Isola";"2014";"2014-10-24T10:37:54Z";"2718645802";"9.1912881";"45.4871993";
"Milano";"MILANO";"Lombardia";"MM5 - Isola";"2014";"2014-10-24T10:37:54Z";"2718645806";"9.19131329999999";"45.4870718999999";
"Milano";"MILANO";"Lombardia";"MM5 - Isola";"2014";"2014-10-24T10:37:55Z";"2718645805";"9.19151639999999";"45.4872214";
"Milano";"MILANO";"Lombardia";"MM5 - Isola";"2014";"2014-10-24T10:37:55Z";"2718645807";"9.19116359999999";"45.4877956999999";
"Milano";"MILANO";"Lombardia";"MM5 - Isola";"2014";"2014-10-24T10:37:56Z";"2718645804";"9.1913755";"45.4878156999999";
"Milano";"MILANO";"Lombardia";"Montenapoleone";"2015";"2015-12-05T10:47:08Z";"3877878583";"9.1922651";"45.4705615";
"Milano";"MILANO";"Lombardia";"Montenapoleone";"2015";"2015-12-05T10:49:43Z";"564907646";"9.1925648";"45.4701054";
"Milano";"MILANO";"Lombardia";"Montenapoleone";"2015";"2015-12-05T10:49:44Z";"564907643";"9.1926653";"45.4702024999999";
"Milano";"MILANO";"Lombardia";"Montenapoleone";"2015";"2015-12-05T10:49:44Z";"564907647";"9.1921484";"45.4704373";
"Milano";"MILANO";"Lombardia";"Moscova";"2013";"2013-10-23T14:22:37Z";"1828042375";"9.1847232";"45.4780541";
"Milano";"MILANO";"Lombardia";"Moscova";"2015";"2015-10-23T18:34:07Z";"1828042363";"9.1847195";"45.4774902999999";
"Milano";"MILANO";"Lombardia";"Moscova";"2015";"2015-10-23T18:34:07Z";"1828042367";"9.184836";"45.4775992";
"Milano";"MILANO";"Lombardia";"Moscova";"2015";"2015-10-23T18:34:07Z";"269924738";"9.18421949999999";"45.4776826";
"Milano";"MILANO";"Lombardia";"Moscova";"2015";"2015-10-23T18:34:08Z";"1828042369";"9.1843309";"45.4779734";
"Milano";"MILANO";"Lombardia";"(Passante) Milano Venezia";"2014";"2014-03-29T17:51:37Z";"2752248155";"9.2109723";"45.4744516";
"Milano";"MILANO";"Lombardia";"Piola";"2015";"2015-09-18T19:24:01Z";"1694668253";"9.2252128";"45.4806348999999";
"Milano";"MILANO";"Lombardia";"Piola";"2015";"2015-09-18T19:24:02Z";"1694668255";"9.2250539";"45.4810365";
"Milano";"MILANO";"Lombardia";"Piola";"2015";"2015-09-18T19:24:02Z";"1694668257";"9.2252731";"45.4810811999999";
"Milano";"MILANO";"Lombardia";"Ponale";"2013";"2013-02-09T17:37:19Z";"1890381466";"9.2096487";"45.5215034";
"Milano";"MILANO";"Lombardia";"Ponale";"2013";"2013-02-09T17:37:19Z";"1890381468";"9.2090131";"45.5219619";
"Milano";"MILANO";"Lombardia";"Ponale";"2013";"2013-02-09T17:37:19Z";"1890381475";"9.2096756";"45.5218192";
"Milano";"MILANO";"Lombardia";"Ponale";"2013";"2013-02-09T17:37:19Z";"1890381484";"9.2091204";"45.5219055";
"Milano";"MILANO";"Lombardia";"Porta Romana";"2011";"2011-11-16T11:43:28Z";"1505101608";"9.20309239999999";"45.4517779";
"Milano";"MILANO";"Lombardia";"Porta Romana";"2011";"2011-11-16T11:43:28Z";"1505101610";"9.2029127";"45.4518916999999";
"Milano";"MILANO";"Lombardia";"Porta Romana";"2011";"2011-11-16T11:43:28Z";"1505101612";"9.2029275";"45.4514964999999";
"Milano";"MILANO";"Lombardia";"Porta Romana";"2015";"2015-11-28T14:40:10Z";"1505101606";"9.202465";"45.4516684999999";
"Milano";"MILANO";"Lombardia";"Porta Romana";"2015";"2015-11-28T14:40:10Z";"1505101609";"9.2024537";"45.4516166";
"Milano";"MILANO";"Lombardia";"Porta Venezia";"2012";"2012-01-26T17:13:18Z";"1606676484";"9.2046809";"45.4746183999999";
"Milano";"MILANO";"Lombardia";"Porta Venezia";"2012";"2012-01-26T17:13:18Z";"1606676490";"9.2047612";"45.4747405999999";
"Milano";"MILANO";"Lombardia";"Porta Venezia";"2012";"2012-01-26T17:13:19Z";"1606676493";"9.2068442";"45.4761019";
"Milano";"MILANO";"Lombardia";"Porta Venezia";"2012";"2012-01-26T17:13:19Z";"1606676496";"9.206625";"45.4762097999999";
"Milano";"MILANO";"Lombardia";"Porta Venezia";"2013";"2013-06-27T16:47:00Z";"2363226693";"9.205403";"45.474276";
"Milano";"MILANO";"Lombardia";"Porta Venezia";"2015";"2015-03-01T16:39:02Z";"1606676488";"9.2056886";"45.4746664999999";
"Milano";"MILANO";"Lombardia";"Porta Venezia";"2015";"2015-03-01T16:39:03Z";"1523205689";"9.2059171";"45.4751156";
"Milano";"MILANO";"Lombardia";"Porta Venezia";"2015";"2015-03-01T16:39:03Z";"461126405";"9.20518369999999";"45.4748853999999";
"Milano";"MILANO";"Lombardia";"Porta Venezia";"2015";"2015-12-15T09:31:41Z";"3893104690";"9.2048386";"45.4748378";
"Milano";"MILANO";"Lombardia";"Porto di Mare";"2011";"2011-11-16T10:48:42Z";"1505077263";"9.23013929999999";"45.4368607999999";
"Milano";"MILANO";"Lombardia";"Porto di Mare";"2011";"2011-11-16T10:48:42Z";"1505077264";"9.2303289";"45.4372039";
"Milano";"MILANO";"Lombardia";"Porto di Mare";"2011";"2011-11-16T10:48:42Z";"1505077265";"9.2304979";"45.4371268";
"Milano";"MILANO";"Lombardia";"Repubblica";"2013";"2013-09-09T20:44:39Z";"1523204435";"9.1970043";"45.4789362";
"Milano";"MILANO";"Lombardia";"Repubblica";"2013";"2013-09-09T20:44:39Z";"1523204436";"9.19694269999999";"45.4788769";
"Milano";"MILANO";"Lombardia";"Repubblica";"2015";"2015-05-16T13:20:21Z";"3521852260";"9.1975742";"45.4784909999999";
"Milano";"MILANO";"Lombardia";"Repubblica";"2015";"2015-12-15T09:31:44Z";"1523204430";"9.1974217";"45.4782805999999";
"Milano";"MILANO";"Lombardia";"Romolo";"2014";"2014-05-04T17:12:38Z";"1790677197";"9.1679256";"45.4442426999999";
"Milano";"MILANO";"Lombardia";"Romolo";"2014";"2014-05-04T17:12:38Z";"1790677198";"9.1677434";"45.4442501999999";
"Milano";"MILANO";"Lombardia";"Romolo";"2014";"2014-08-05T10:49:01Z";"1505107397";"9.1679141";"45.4434013999999";
"Milano";"MILANO";"Lombardia";"Romolo";"2014";"2014-08-06T22:03:15Z";"3001297388";"9.16789039999999";"45.443142";
"Milano";"MILANO";"Lombardia";"Romolo";"2014";"2014-10-20T10:28:48Z";"1505107396";"9.16795029999999";"45.4435775";
"Milano";"MILANO";"Lombardia";"Romolo";"2014";"2014-10-20T10:28:48Z";"1505107399";"9.16749199999999";"45.4435451";
"Milano";"MILANO";"Lombardia";"Romolo";"2014";"2014-10-20T10:28:48Z";"1790677195";"9.1677781";"45.4440207999999";
"Milano";"MILANO";"Lombardia";"Romolo";"2014";"2014-10-20T10:28:48Z";"1790677196";"9.1677667";"45.4441233";
"Milano";"MILANO";"Lombardia";"Romolo";"2015";"2015-04-18T07:48:49Z";"2535218996";"9.167704";"45.4431327";
"Milano";"MILANO";"Lombardia";"Romolo";"2015";"2015-04-18T07:48:50Z";"2846406025";"9.1673071";"45.4430826999999";
"Milano";"MILANO";"Lombardia";"San Babila";"2013";"2013-07-28T15:48:52Z";"1607596791";"9.1978608";"45.4664335";
"Milano";"MILANO";"Lombardia";"San Babila";"2013";"2013-07-28T15:48:52Z";"1607596795";"9.1974043";"45.4669754";
"Milano";"MILANO";"Lombardia";"San Babila";"2013";"2013-10-19T13:42:29Z";"1607596790";"9.1972413";"45.4662293";
"Milano";"MILANO";"Lombardia";"San Babila";"2013";"2013-10-19T13:42:29Z";"1607596793";"9.1972763";"45.4666538999999";
"Milano";"MILANO";"Lombardia";"San Babila";"2013";"2013-10-19T14:10:19Z";"2501657291";"9.1977177";"45.4670138999999";
"Milano";"MILANO";"Lombardia";"San Babila";"2013";"2013-11-16T18:50:34Z";"1607596789";"9.197849";"45.4662040999999";
"Milano";"MILANO";"Lombardia";"San Babila";"2013";"2013-11-16T18:50:34Z";"1607596792";"9.1978737";"45.4665976";
"Milano";"MILANO";"Lombardia";"San Babila";"2013";"2013-11-16T18:50:34Z";"1607596794";"9.1980258";"45.466909";
"Milano";"MILANO";"Lombardia";"San Babila";"2014";"2014-12-17T21:39:22Z";"3240245907";"9.1975135";"45.4669943999999";
"Milano";"MILANO";"Lombardia";"San Donato";"2011";"2011-11-16T10:46:58Z";"1505076320";"9.2572404";"45.4287956";
"Milano";"MILANO";"Lombardia";"San Donato";"2011";"2011-11-16T10:46:58Z";"1505076321";"9.25711699999999";"45.428724";
"Milano";"MILANO";"Lombardia";"Sant'Agostino";"2015";"2015-01-24T18:06:28Z";"2486712671";"9.169546";"45.4580436";
"Milano";"MILANO";"Lombardia";"Sant'Agostino";"2015";"2015-01-24T18:06:29Z";"598599767";"9.1698115";"45.4583724";
"Milano";"MILANO";"Lombardia";"Sant'Agostino";"2015";"2015-01-24T18:06:29Z";"598599858";"9.1692907";"45.4582015";
"Milano";"MILANO";"Lombardia";"Sant'Agostino";"2015";"2015-01-24T18:06:30Z";"598599793";"9.1696326";"45.4585893";
"Milano";"MILANO";"Lombardia";"Turro";"2011";"2011-01-19T09:48:25Z";"1110183923";"9.22128279999999";"45.5009182";
"Milano";"MILANO";"Lombardia";"Udine";"2012";"2012-03-10T09:39:11Z";"1668417532";"9.236642";"45.4913297";
"Milano";"MILANO";"Lombardia";"Udine";"2013";"2013-03-18T11:36:36Z";"1668417533";"9.2371738";"45.4913912999999";
"Milano";"MILANO";"Lombardia";"Udine";"2014";"2014-07-14T10:30:36Z";"2962393947";"9.2367271";"45.4915248";
"Milano";"MILANO";"Lombardia";"Udine";"2014";"2014-07-14T10:30:36Z";"2962393948";"9.2369918";"45.4915656";
"Milano";"MILANO";"Lombardia";"Villa San Giovanni";"2015";"2015-03-27T20:27:31Z";"1523184167";"9.2259889";"45.5174317";
"Milano";"MILANO";"Lombardia";"Villa San Giovanni";"2015";"2015-03-27T20:27:31Z";"1523184173";"9.2262397";"45.5173537";
"Milano";"MILANO";"Lombardia";"Villa San Giovanni";"2015";"2015-03-27T20:27:33Z";"1523184171";"9.2260171";"45.5175303999999";
"Milano";"MILANO";"Lombardia";"Villa San Giovanni";"2015";"2015-03-27T20:27:33Z";"1523184183";"9.22628259999999";"45.5174890999999";
"Milano";"MILANO";"Lombardia";"Wagner";"2012";"2012-01-29T20:51:06Z";"1611026289";"9.1550596";"45.4675808";
"Milano";"MILANO";"Lombardia";"Wagner";"2012";"2012-01-29T20:51:06Z";"1611026292";"9.15507279999999";"45.4680729999999";
"Milano";"MILANO";"Lombardia";"Wagner";"2012";"2012-01-29T20:51:36Z";"345364452";"9.1550075";"45.4676424999999";
"Milano";"MILANO";"Lombardia";"Wagner";"2012";"2012-01-29T20:51:37Z";"345364456";"9.1550619";"45.4678991999999";
"Milano";"MILANO";"Lombardia";"Wagner";"2014";"2014-04-05T18:05:19Z";"2770307181";"9.155817";"45.4680514";
"Milano";"MILANO";"Lombardia";"Wagner";"2014";"2014-11-02T18:49:04Z";"345364448";"9.15541009999999";"45.4675385";
"Pero";"MILANO";"Lombardia";"Pero M1";"2014";"2014-04-13T11:34:19Z";"1514375845";"9.0858153";"45.5087267999999";
"Sesto San Giovanni";"MILANO";"Lombardia";"Sesto 1 Maggio F.S.";"2015";"2015-01-16T15:37:14Z";"1523178385";"9.23830019999999";"45.5413617";
"Sesto San Giovanni";"MILANO";"Lombardia";"Sesto 1 Maggio F.S.";"2015";"2015-01-16T15:37:14Z";"1523178393";"9.2379569";"45.5415344999999";
"Sesto San Giovanni";"MILANO";"Lombardia";"Sesto 1 Maggio F.S.";"2015";"2015-01-30T15:27:45Z";"1523178396";"9.2386719";"45.5416279";
"Sesto San Giovanni";"MILANO";"Lombardia";"Sesto Marelli";"2015";"2015-04-26T18:49:54Z";"1523176369";"9.22789599999999";"45.5237525";
"Sesto San Giovanni";"MILANO";"Lombardia";"Sesto Marelli";"2015";"2015-04-26T18:49:54Z";"1523176371";"9.2277564";"45.5232887";
"Sesto San Giovanni";"MILANO";"Lombardia";"Sesto Marelli";"2015";"2015-04-26T18:49:55Z";"1523176373";"9.22818569999999";"45.5237825999999";
"Sesto San Giovanni";"MILANO";"Lombardia";"Sesto Rond";"2015";"2015-01-16T15:37:15Z";"1523177555";"9.23222649999999";"45.5338556";
"Sesto San Giovanni";"MILANO";"Lombardia";"Sesto Rond";"2015";"2015-01-16T15:37:15Z";"1523177561";"9.2315143";"45.5340132999999";
"Sesto San Giovanni";"MILANO";"Lombardia";"Sesto Rond";"2015";"2015-01-16T15:37:15Z";"1523177563";"9.2321392";"45.5337709";
"Sesto San Giovanni";"MILANO";"Lombardia";"Sesto Rond";"2015";"2015-01-16T15:37:16Z";"1523177553";"9.2316926";"45.5341878999999";
"Sesto San Giovanni";"MILANO";"Lombardia";"Sesto Rond";"2015";"2015-01-16T15:37:16Z";"1523177556";"9.2310744";"45.5343307999999";
"Sesto San Giovanni";"MILANO";"Lombardia";"Sesto Rond";"2015";"2015-01-16T15:37:16Z";"1523177560";"9.2309833";"45.5340689";
"Brescia";"BRESCIA";"Lombardia";"";"2013";"2013-03-12T22:02:16Z";"2198617176";"10.2362962999999";"45.5675716";
"Brescia";"BRESCIA";"Lombardia";"";"2013";"2013-03-12T22:02:17Z";"2198617193";"10.2364769";"45.5676309999999";
"Brescia";"BRESCIA";"Lombardia";"";"2013";"2013-05-20T12:57:30Z";"2041127904";"10.2349189";"45.5628125";
"Brescia";"BRESCIA";"Lombardia";"";"2013";"2013-08-08T15:03:45Z";"2198617218";"10.2364777999999";"45.5677115";
"Brescia";"BRESCIA";"Lombardia";"";"2013";"2013-08-08T15:03:55Z";"2198617190";"10.236222";"45.5676259999999";
"Brescia";"BRESCIA";"Lombardia";"";"2013";"2013-09-14T13:28:33Z";"2458044403";"10.2125938";"45.5264513999999";
"Brescia";"BRESCIA";"Lombardia";"";"2013";"2013-09-17T14:33:29Z";"2461675812";"10.2249286";"45.5518463";
"Brescia";"BRESCIA";"Lombardia";"";"2013";"2013-09-18T21:40:52Z";"2463367394";"10.2290560999999";"45.5797316";
"Brescia";"BRESCIA";"Lombardia";"";"2013";"2013-09-18T21:40:52Z";"2463367395";"10.2292443";"45.5797511";
"Brescia";"BRESCIA";"Lombardia";"";"2013";"2013-09-18T21:41:00Z";"2294575941";"10.2289632";"45.5797974999999";
"Brescia";"BRESCIA";"Lombardia";"";"2013";"2013-09-18T21:41:00Z";"2294575943";"10.2292521";"45.5798463";
"Brescia";"BRESCIA";"Lombardia";"";"2013";"2013-09-25T09:55:01Z";"2470904337";"10.2202693";"45.545019";
"Brescia";"BRESCIA";"Lombardia";"";"2013";"2013-09-25T09:55:02Z";"2470904383";"10.2201368";"45.5451346999999";
"Brescia";"BRESCIA";"Lombardia";"";"2013";"2013-10-16T20:41:11Z";"2498850587";"10.2326365999999";"45.5552294";
"Brescia";"BRESCIA";"Lombardia";"";"2013";"2013-10-16T20:41:11Z";"2498850591";"10.2326055";"45.5552452";
"Brescia";"BRESCIA";"Lombardia";"";"2014";"2014-05-11T14:19:16Z";"2470904347";"10.2201468";"45.5450291";
"Brescia";"BRESCIA";"Lombardia";"";"2014";"2014-07-08T10:30:50Z";"2461675789";"10.2247398999999";"45.5516435999999";
"Brescia";"BRESCIA";"Lombardia";"";"2014";"2014-07-15T12:28:09Z";"2041127905";"10.2347684";"45.5628533";
"Brescia";"BRESCIA";"Lombardia";"";"2014";"2014-07-15T12:28:10Z";"2191039508";"10.2346993";"45.5624781";
"Brescia";"BRESCIA";"Lombardia";"";"2014";"2014-07-15T12:28:10Z";"2191039511";"10.234578";"45.5625089999999";
"Brescia";"BRESCIA";"Lombardia";"Vittoria";"2015";"2015-06-17T16:53:28Z";"2435496061";"10.2187644";"45.5387626999999";
"Brescia";"BRESCIA";"Lombardia";"Vittoria";"2015";"2015-06-17T16:53:28Z";"2435496062";"10.2184009";"45.5389248999999";
"Brescia";"BRESCIA";"Lombardia";"Volta";"2015";"2015-08-06T19:59:52Z";"3684596934";"10.2254621";"45.5177957";
"Brescia";"BRESCIA";"Lombardia";"Volta";"2015";"2015-08-06T20:00:01Z";"2458043585";"10.2252493";"45.517733";
"Voghera";"PAVIA";"Lombardia";"";"2013";"2013-03-08T23:52:51Z";"2191736723";"9.0102292";"44.9976490999999";
"Voghera";"PAVIA";"Lombardia";"";"2013";"2013-03-10T22:59:42Z";"1827089581";"9.01034119999999";"44.9974473999999";
"Castelfranco Emilia";"MODENA";"Emilia-Romagna";"Sottopassaggio Ciclabile Ferrovia";"2013";"2013-06-21T20:24:15Z";"2355232711";"11.054842";"44.5979239999999";
"Roma";"ROMA";"Lazio";"";"2015";"2015-01-27T12:34:01Z";"1552985192";"12.4635754";"41.8392916";
"Roma";"ROMA";"Lazio";"Anagnina";"2015";"2015-01-27T12:26:40Z";"1266009880";"12.5855196";"41.8415155";
"Roma";"ROMA";"Lazio";"Anagnina";"2015";"2015-01-27T12:26:40Z";"1266009940";"12.5856403";"41.8414167999999";
"Roma";"ROMA";"Lazio";"Anagnina";"2015";"2015-01-27T12:26:40Z";"301492700";"12.5863174";"41.8425139";
"Roma";"ROMA";"Lazio";"Anagnina_capolinea";"2015";"2015-01-27T12:26:40Z";"2399582618";"12.5835589999999";"41.8427583";
"Roma";"ROMA";"Lazio";"Arco di Travertino";"2015";"2015-01-27T12:26:40Z";"1427363758";"12.5350031";"41.8660803";
"Roma";"ROMA";"Lazio";"Arco di Travertino";"2015";"2015-01-27T12:26:40Z";"2417128984";"12.5350705";"41.8667048";
"Roma";"ROMA";"Lazio";"Baldo degli Ubaldi";"2015";"2015-01-27T12:26:40Z";"1332292784";"12.4351208999999";"41.8993062999999";
"Roma";"ROMA";"Lazio";"Baldo degli Ubaldi";"2015";"2015-01-27T12:26:40Z";"1597804004";"12.4342787";"41.8990839";
"Roma";"ROMA";"Lazio";"Baldo degli Ubaldi";"2015";"2015-01-27T12:26:40Z";"2073825295";"12.4348446";"41.8992416";
"Roma";"ROMA";"Lazio";"Baldo degli Ubaldi";"2015";"2015-01-27T12:26:40Z";"2073825297";"12.434652";"41.8993816999999";
"Roma";"ROMA";"Lazio";"Baldo degli Ubaldi";"2015";"2015-01-27T12:26:40Z";"2073825299";"12.4350948";"41.899489";
"Roma";"ROMA";"Lazio";"Barberini";"2015";"2015-01-27T12:26:41Z";"1207359905";"12.488515";"41.904133";
"Roma";"ROMA";"Lazio";"Barberini";"2015";"2015-01-27T12:26:41Z";"1207359906";"12.4889288";"41.9041830999999";
"Roma";"ROMA";"Lazio";"Barberini";"2015";"2015-01-27T12:26:41Z";"1207359907";"12.4886333999999";"41.904451";
"Roma";"ROMA";"Lazio";"Barberini";"2015";"2015-01-27T12:26:41Z";"1207362549";"12.4889863";"41.9036125";
"Roma";"ROMA";"Lazio";"Barberini";"2015";"2015-01-27T12:26:41Z";"1207362552";"12.4891178";"41.9036595999999";
"Roma";"ROMA";"Lazio";"Barberini";"2015";"2015-01-27T12:26:41Z";"1240910257";"12.4884094999999";"41.9042767999999";
"Roma";"ROMA";"Lazio";"Battistini";"2015";"2015-01-27T12:26:41Z";"1235753553";"12.4149508999999";"41.9061036";
"Roma";"ROMA";"Lazio";"Bologna";"2015";"2015-01-27T12:40:36Z";"1394264040";"12.5211141";"41.9132696";
"Roma";"ROMA";"Lazio";"Bologna";"2015";"2015-01-27T12:40:36Z";"295229728";"12.5206503";"41.9142441999999";
"Roma";"ROMA";"Lazio";"Bologna";"2015";"2015-02-07T14:54:50Z";"1394264038";"12.5204704";"41.9131489999999";
"Roma";"ROMA";"Lazio";"Bologna";"2015";"2015-02-07T14:54:50Z";"1394264039";"12.5202076";"41.9132303";
"Roma";"ROMA";"Lazio";"Bologna";"2015";"2015-02-07T14:54:50Z";"1394264041";"12.5202391";"41.9136545";
"Roma";"ROMA";"Lazio";"Bologna";"2015";"2015-02-07T14:54:50Z";"1394264042";"12.520333";"41.9138106999999";
"Roma";"ROMA";"Lazio";"Bologna";"2015";"2015-07-10T20:56:13Z";"3645129773";"12.520749";"41.9141362";
"Roma";"ROMA";"Lazio";"Castro Pretorio";"2015";"2015-01-27T12:40:36Z";"295227689";"12.5052416";"41.9062934999999";
"Roma";"ROMA";"Lazio";"Castro Pretorio";"2015";"2015-01-27T12:40:36Z";"503717191";"12.5054531";"41.9059114";
"Roma";"ROMA";"Lazio";"Castro Pretorio";"2015";"2015-01-27T12:40:36Z";"619379530";"12.5057139999999";"41.9061859999999";
"Roma";"ROMA";"Lazio";"Cavour Dir. Laurentina";"2015";"2015-01-27T12:40:36Z";"246574147";"12.493695";"41.8949189";
"Roma";"ROMA";"Lazio";"Cavour Dir. Rebibbia/Jonio";"2015";"2015-05-28T18:08:48Z";"248832679";"12.493097";"41.8949064999999";
"Roma";"ROMA";"Lazio";"Cinecitt";"2015";"2015-01-27T12:26:41Z";"1427376792";"12.5739073";"41.8494389";
"Roma";"ROMA";"Lazio";"Cinecitt";"2015";"2015-01-27T12:26:41Z";"1427376793";"12.5742089";"41.8496524999999";
"Roma";"ROMA";"Lazio";"Cipro";"2015";"2015-01-27T12:26:41Z";"633021078";"12.4471126";"41.9080634999999";
"Roma";"ROMA";"Lazio";"Cipro";"2015";"2015-01-27T12:26:41Z";"633021079";"12.4473565";"41.9073138999999";
"Roma";"ROMA";"Lazio";"Cipro";"2015";"2015-01-27T12:26:41Z";"633021080";"12.4474985999999";"41.9077331";
"Roma";"ROMA";"Lazio";"Circo Massimo";"2013";"2013-09-16T13:37:08Z";"100872452";"12.4874971";"41.8836378999999";
"Roma";"ROMA";"Lazio";"Circo Massimo";"2013";"2013-09-16T13:37:08Z";"260540147";"12.4883781";"41.8834412";
"Roma";"ROMA";"Lazio";"Colli Albani - Parco Appia Antica";"2015";"2015-01-27T12:26:41Z";"2430641315";"12.5301033";"41.8690342";
"Roma";"ROMA";"Lazio";"Colli Albani - Parco Appia Antica";"2015";"2015-01-27T12:26:42Z";"2430641316";"12.5293601999999";"41.8691301";
"Roma";"ROMA";"Lazio";"Colli Albani - Parco Appia Antica";"2015";"2015-01-27T12:26:42Z";"2430641317";"12.5301493";"41.8695324999999";
"Roma";"ROMA";"Lazio";"Colli Albani - Parco Appia Antica";"2015";"2015-01-27T12:26:42Z";"2430641318";"12.5299489";"41.8696557";
"Roma";"ROMA";"Lazio";"Colli Albani - Parco Appia Antica";"2015";"2015-01-27T12:26:42Z";"444593290";"12.529273";"41.8692554";
"Roma";"ROMA";"Lazio";"Colosseo";"2015";"2015-01-27T12:40:37Z";"1709283551";"12.4914147";"41.8916434";
"Roma";"ROMA";"Lazio";"Colosseo";"2015";"2015-01-27T12:40:37Z";"266318045";"12.4916085";"41.8913647999999";
"Roma";"ROMA";"Lazio";"Conca d'Oro";"2015";"2015-01-27T12:40:37Z";"1908427809";"12.5274161";"41.9392317";
"Roma";"ROMA";"Lazio";"Conca d'Oro";"2015";"2015-01-27T12:40:37Z";"2151889949";"12.5277271";"41.9388322";
"Roma";"ROMA";"Lazio";"Conca d'Oro";"2015";"2015-07-10T20:44:51Z";"2151889950";"12.5284163999999";"41.9404404";
"Roma";"ROMA";"Lazio";"Cornelia";"2015";"2015-01-27T12:26:42Z";"1379873992";"12.427148";"41.899704";
"Roma";"ROMA";"Lazio";"Cornelia";"2015";"2015-01-27T12:26:42Z";"2015871798";"12.4262625";"41.900492";
"Roma";"ROMA";"Lazio";"Cornelia";"2015";"2015-01-27T12:26:42Z";"307566146";"12.4267771";"41.8996128";
"Roma";"ROMA";"Lazio";"Cornelia";"2015";"2015-01-27T12:26:43Z";"1228100018";"12.4262631999999";"41.9018675";
"Roma";"ROMA";"Lazio";"Cornelia";"2015";"2015-01-27T12:26:43Z";"280140654";"12.4262311";"41.9015650999999";
"Roma";"ROMA";"Lazio";"Cornelia";"2015";"2015-01-27T12:26:43Z";"448098410";"12.4254465";"41.9017415";
"Roma";"ROMA";"Lazio";"EUR Fermi";"2013";"2013-09-16T13:37:06Z";"2460402810";"12.4710725";"41.8286189";
"Roma";"ROMA";"Lazio";"EUR Fermi";"2013";"2013-09-16T13:37:06Z";"2460402811";"12.4708728";"41.8290358";
"Roma";"ROMA";"Lazio";"EUR Fermi";"2013";"2013-09-16T13:37:06Z";"2460402812";"12.4703633";"41.8291837";
"Roma";"ROMA";"Lazio";"EUR Palasport";"2013";"2013-09-16T13:37:09Z";"1924360583";"12.4663489999999";"41.8300016";
"Roma";"ROMA";"Lazio";"EUR Palasport";"2013";"2013-09-16T13:37:09Z";"561206601";"12.4670273999999";"41.8301416999999";
"Roma";"ROMA";"Lazio";"EUR Palasport";"2013";"2013-09-16T13:37:09Z";"561206602";"12.4674391999999";"41.8300205999999";
"Roma";"ROMA";"Lazio";"Flaminio";"2015";"2015-06-29T20:10:54Z";"767846770";"12.4765187";"41.9126979999999";
"Roma";"ROMA";"Lazio";"Flaminio - Piazza del Popolo";"2015";"2015-01-27T12:26:43Z";"315145650";"12.475705";"41.9115301";
"Roma";"ROMA";"Lazio";"Flaminio - Piazza del Popolo";"2015";"2015-01-27T12:26:43Z";"767846683";"12.4759197";"41.9120722999999";
"Roma";"ROMA";"Lazio";"Flaminio - Piazza del Popolo";"2015";"2015-01-27T12:26:43Z";"767846684";"12.4754012";"41.9119552";
"Roma";"ROMA";"Lazio";"Flaminio - Piazza del Popolo";"2015";"2015-01-27T12:26:43Z";"767846685";"12.4756291";"41.9120058";
"Roma";"ROMA";"Lazio";"Furio Camillo";"2015";"2015-01-27T12:26:43Z";"1258880074";"12.5233531";"41.8747893";
"Roma";"ROMA";"Lazio";"Furio Camillo";"2015";"2015-01-27T12:26:43Z";"1308364479";"12.5232326";"41.8748955";
"Roma";"ROMA";"Lazio";"Furio Camillo";"2015";"2015-01-27T12:26:43Z";"302203473";"12.5225928";"41.8746666999999";
"Roma";"ROMA";"Lazio";"Furio Camillo";"2015";"2015-01-27T12:26:44Z";"1258879997";"12.5231251";"41.8750337999999";
"Roma";"ROMA";"Lazio";"Garbatella";"2015";"2015-01-27T12:34:00Z";"1130864404";"12.4825689";"41.8670059";
"Roma";"ROMA";"Lazio";"Garbatella";"2015";"2015-01-27T12:34:00Z";"261637801";"12.4836826";"41.8664846";
"Roma";"ROMA";"Lazio";"Garbatella";"2015";"2015-07-30T14:24:41Z";"246661222";"12.4836609";"41.8666813999999";
"Roma";"ROMA";"Lazio";"Gardenie";"2015";"2015-07-10T20:14:02Z";"3645077494";"12.5627897999999";"41.8862525999999";
"Roma";"ROMA";"Lazio";"Gardenie";"2015";"2015-07-18T18:47:27Z";"3656951452";"12.5616670999999";"41.886288";
"Roma";"ROMA";"Lazio";"Giulio Agricola";"2015";"2015-01-27T12:26:44Z";"1427373518";"12.5625721";"41.8563313";
"Roma";"ROMA";"Lazio";"Giulio Agricola";"2015";"2015-01-27T12:26:44Z";"1427373522";"12.5622503";"41.8565224";
"Roma";"ROMA";"Lazio";"Giulio Agricola";"2015";"2015-01-27T12:26:44Z";"1427373523";"12.562981";"41.8567195999999";
"Roma";"ROMA";"Lazio";"Giulio Agricola";"2015";"2015-01-27T12:26:44Z";"1427373524";"12.5626739999999";"41.8569137";
"Roma";"ROMA";"Lazio";"Jonio";"2015";"2015-04-20T21:51:05Z";"3451710542";"12.5279241999999";"41.9462133999999";
"Roma";"ROMA";"Lazio";"Laurentina";"2013";"2013-05-03T10:44:33Z";"248683058";"12.4807693";"41.8270962";
"Roma";"ROMA";"Lazio";"Laurentina";"2013";"2013-05-03T10:44:34Z";"248683055";"12.4808876";"41.8272637";
"Roma";"ROMA";"Lazio";"Lepanto";"2015";"2015-01-27T12:22:23Z";"1297245348";"12.4658929999999";"41.9115905";
"Roma";"ROMA";"Lazio";"Lepanto";"2015";"2015-01-27T12:22:23Z";"1297245354";"12.4658783";"41.9111514";
"Roma";"ROMA";"Lazio";"Lepanto";"2015";"2015-01-27T12:22:23Z";"1297245357";"12.4666994";"41.9113528999999";
"Roma";"ROMA";"Lazio";"Lepanto";"2015";"2015-01-27T12:22:23Z";"1297245358";"12.4663003";"41.9115656999999";
"Roma";"ROMA";"Lazio";"Lepanto";"2015";"2015-01-27T12:22:23Z";"668018005";"12.4660802";"41.9112061";
"Roma";"ROMA";"Lazio";"Lepanto";"2015";"2015-01-27T12:22:23Z";"668018013";"12.4657941";"41.9114859";
"Roma";"ROMA";"Lazio";"Lepanto";"2015";"2015-01-27T12:22:24Z";"1297245351";"12.4664927999999";"41.9116101999999";
"Roma";"ROMA";"Lazio";"Lepanto";"2015";"2015-10-31T08:53:54Z";"668018010";"12.4663979";"41.9112800999999";
"Roma";"ROMA";"Lazio";"Libia";"2015";"2015-07-10T20:46:42Z";"1901107555";"12.518924";"41.9318610999999";
"Roma";"ROMA";"Lazio";"Lodi";"2015";"2015-06-29T19:46:09Z";"3625726733";"12.5175826";"41.8867499999999";
"Roma";"ROMA";"Lazio";"Lodi";"2015";"2015-07-18T18:11:53Z";"3656919919";"12.5176187999999";"41.8866058999999";
"Roma";"ROMA";"Lazio";"Lodi";"2015";"2015-07-18T18:47:28Z";"3656951453";"12.5185724";"41.8867428";
"Roma";"ROMA";"Lazio";"Lodi";"2015";"2015-07-18T18:47:28Z";"3656951454";"12.5187649";"41.8867789999999";
"Roma";"ROMA";"Lazio";"Lodi";"2015";"2015-07-18T18:47:28Z";"3656951455";"12.5185178";"41.8869212";
"Roma";"ROMA";"Lazio";"Lodi";"2015";"2015-07-18T18:47:28Z";"3656951456";"12.5186997";"41.8869431999999";
"Roma";"ROMA";"Lazio";"Lucio Sestio";"2015";"2015-01-27T12:26:44Z";"1427373251";"12.5568863";"41.8596384";
"Roma";"ROMA";"Lazio";"Malatesta";"2015";"2015-07-10T20:28:41Z";"3625726734";"12.5402521";"41.8876192999999";
"Roma";"ROMA";"Lazio";"Malatesta";"2015";"2015-07-10T20:28:41Z";"3645094240";"12.5407615";"41.8875907999999";
"Roma";"ROMA";"Lazio";"Malatesta";"2015";"2015-07-18T18:47:28Z";"3656951457";"12.5404523999999";"41.8872909";
"Roma";"ROMA";"Lazio";"Manzoni";"2015";"2015-01-27T12:26:44Z";"2408805738";"12.5065103";"41.8902642999999";
"Roma";"ROMA";"Lazio";"Manzoni";"2015";"2015-01-27T12:26:44Z";"260202184";"12.5066931";"41.8901848";
"Roma";"ROMA";"Lazio";"Manzoni";"2015";"2015-01-27T12:26:44Z";"260202191";"12.5071849";"41.8902946999999";
"Roma";"ROMA";"Lazio";"Manzoni";"2015";"2015-01-27T12:26:44Z";"260202199";"12.5072253999999";"41.8904544";
"Roma";"ROMA";"Lazio";"Marconi";"2015";"2015-04-27T21:31:46Z";"248740691";"12.4750527";"41.8492857999999";
"Roma";"ROMA";"Lazio";"Mirti";"2015";"2015-07-10T20:22:46Z";"3645086499";"12.5668684";"41.8813158";
"Roma";"ROMA";"Lazio";"Mirti";"2015";"2015-07-10T20:22:46Z";"3645086500";"12.566385";"41.8813557";
"Roma";"ROMA";"Lazio";"Monti Tiburtini";"2015";"2015-01-27T12:42:01Z";"2327292453";"12.5478331999999";"41.9154249999999";
"Roma";"ROMA";"Lazio";"Monti Tiburtini";"2015";"2015-01-27T12:42:02Z";"2047326305";"12.5480509";"41.9157944999999";
"Roma";"ROMA";"Lazio";"Monti Tiburtini";"2015";"2015-01-27T12:42:02Z";"2327292450";"12.5471631";"41.9156503999999";
"Roma";"ROMA";"Lazio";"Monti Tiburtini";"2015";"2015-01-27T12:42:02Z";"295223084";"12.5478641999999";"41.9156297999999";
"Roma";"ROMA";"Lazio";"Numidio Quadrato Dir.Anagnina";"2015";"2015-01-27T12:26:44Z";"1427368765";"12.5528704999999";"41.8624032999999";
"Roma";"ROMA";"Lazio";"Numidio Quadrato Dir.Anagnina";"2015";"2015-01-27T12:26:44Z";"1427368766";"12.5529433";"41.8624751999999";
"Roma";"ROMA";"Lazio";"Numidio Quadrato Dir.Anagnina";"2015";"2015-01-27T12:26:44Z";"1427370530";"12.5532153999999";"41.862237";
"Roma";"ROMA";"Lazio";"Numidio Quadrato Dir.Battistini";"2015";"2015-01-27T12:26:45Z";"1427368763";"12.5524137";"41.8618938999999";
"Roma";"ROMA";"Lazio";"Numidio Quadrato Dir.Battistini";"2015";"2015-01-27T12:26:45Z";"1427368764";"12.5524801";"41.8619684";
"Roma";"ROMA";"Lazio";"Numidio Quadrato Dir.Battistini";"2015";"2015-01-27T12:26:45Z";"1427370526";"12.552760899999999";"41.8617525";
"Roma";"ROMA";"Lazio";"Ottaviano";"2015";"2015-01-27T12:26:45Z";"665301338";"12.4581737";"41.9092788";
"Roma";"ROMA";"Lazio";"Ottaviano";"2015";"2015-01-27T12:26:45Z";"665314908";"12.4577338999999";"41.9093888";
"Roma";"ROMA";"Lazio";"Ottaviano";"2015";"2015-01-27T12:26:45Z";"665314909";"12.4578627";"41.9091673";
"Roma";"ROMA";"Lazio";"Ottaviano";"2015";"2015-01-27T12:26:45Z";"665314910";"12.4576813";"41.9091639999999";
"Roma";"ROMA";"Lazio";"Ottaviano";"2015";"2015-01-27T12:26:45Z";"665314916";"12.4578191999999";"41.9095444";
"Roma";"ROMA";"Lazio";"Ottaviano";"2015";"2015-01-27T12:26:45Z";"665314917";"12.4582139";"41.9097014";
"Roma";"ROMA";"Lazio";"Ottaviano";"2015";"2015-01-27T12:26:45Z";"672115902";"12.4583929999999";"41.9096213999999";
"Roma";"ROMA";"Lazio";"Ottaviano";"2015";"2015-01-27T12:26:45Z";"672330123";"12.4584329";"41.9093453999999";
"Roma";"ROMA";"Lazio";"Parco di Centocelle";"2014";"2014-11-09T00:02:53Z";"3175840765";"12.5679199";"41.8746471999999";
"Roma";"ROMA";"Lazio";"Pietralata";"2015";"2015-01-27T12:42:02Z";"2047326301";"12.5548145";"41.9147006";
"Roma";"ROMA";"Lazio";"Pietralata";"2015";"2015-01-27T12:42:02Z";"295228586";"12.5549477";"41.9149035";
"Roma";"ROMA";"Lazio";"Pigneto";"2015";"2015-07-18T18:47:28Z";"3656951458";"12.5286574";"41.8885046999999";
"Roma";"ROMA";"Lazio";"Pigneto";"2015";"2015-07-18T18:47:28Z";"3656951459";"12.5278486";"41.8886794";
"Roma";"ROMA";"Lazio";"Piramide";"2013";"2013-05-03T10:44:38Z";"470948141";"12.485499";"41.8713910999999";
"Roma";"ROMA";"Lazio";"Piramide";"2015";"2015-01-27T12:21:52Z";"1168031316";"12.4820268999999";"41.8757195";
"Roma";"ROMA";"Lazio";"Piramide";"2015";"2015-01-27T12:21:52Z";"1168036989";"12.4834315";"41.8744826";
"Roma";"ROMA";"Lazio";"Piramide";"2015";"2015-01-27T12:21:52Z";"1168037026";"12.4830736";"41.873334";
"Roma";"ROMA";"Lazio";"Piramide";"2015";"2015-01-27T12:21:52Z";"470943742";"12.4846407999999";"41.8730637";
"Roma";"ROMA";"Lazio";"Policlinico";"2015";"2015-01-27T12:40:37Z";"1186543213";"12.5122171";"41.9083113";
"Roma";"ROMA";"Lazio";"Policlinico";"2015";"2015-01-27T12:40:37Z";"1186543219";"12.5115436";"41.9091407";
"Roma";"ROMA";"Lazio";"Policlinico";"2015";"2015-01-27T12:40:37Z";"1186544719";"12.5112725";"41.9090650999999";
"Roma";"ROMA";"Lazio";"Policlinico";"2015";"2015-01-27T12:40:37Z";"295227613";"12.5124092";"41.9084320999999";
"Roma";"ROMA";"Lazio";"Ponte Lungo";"2015";"2015-01-27T12:26:45Z";"1262595092";"12.519301";"41.8778085";
"Roma";"ROMA";"Lazio";"Ponte Lungo";"2015";"2015-01-27T12:26:45Z";"1262595309";"12.5183453";"41.8778381999999";
"Roma";"ROMA";"Lazio";"Ponte Lungo";"2015";"2015-01-27T12:26:45Z";"1262595627";"12.5188355";"41.8775468999999";
"Roma";"ROMA";"Lazio";"Ponte Lungo";"2015";"2015-01-27T12:26:46Z";"1262595135";"12.518456";"41.8779102";
"Roma";"ROMA";"Lazio";"Ponte Lungo";"2015";"2015-01-27T12:26:46Z";"1909364871";"12.5191363";"41.8779285";
"Roma";"ROMA";"Lazio";"Ponte Mammolo";"2015";"2015-01-27T12:42:02Z";"801468268";"12.5651587";"41.9204371";
"Roma";"ROMA";"Lazio";"Porta Furba - Quadraro";"2015";"2015-01-27T12:26:46Z";"1657962377";"12.5480478";"41.8635819";
"Roma";"ROMA";"Lazio";"Porta Furba - Quadraro";"2015";"2015-01-27T12:26:46Z";"302215067";"12.5476741999999";"41.8637769999999";
"Roma";"ROMA";"Lazio";"Porta Furba - Quadraro";"2015";"2015-01-27T12:26:46Z";"563750844";"12.5481794";"41.8636655999999";
"Roma";"ROMA";"Lazio";"Porta Furba - Quadraro";"2015";"2015-01-27T12:26:46Z";"563750846";"12.5481531";"41.8640191";
"Roma";"ROMA";"Lazio";"Porta Furba - Quadraro";"2015";"2015-12-26T02:48:19Z";"563750841";"12.5479306";"41.8636411";
"Roma";"ROMA";"Lazio";"Quintiliani";"2015";"2015-01-27T12:42:02Z";"1799299411";"12.5385218";"41.9155876";
"Roma";"ROMA";"Lazio";"Rebibbia";"2015";"2015-01-27T12:42:02Z";"1319005664";"12.5730132";"41.9258414999999";
"Roma";"ROMA";"Lazio";"Re di Roma";"2015";"2015-01-27T12:26:46Z";"1168535700";"12.5150276";"41.8820956";
"Roma";"ROMA";"Lazio";"Re di Roma";"2015";"2015-01-27T12:26:46Z";"1518748369";"12.513108";"41.8817777";
"Roma";"ROMA";"Lazio";"Re di Roma";"2015";"2015-01-27T12:26:46Z";"1768595341";"12.5136649";"41.8818434";
"Roma";"ROMA";"Lazio";"Re di Roma";"2015";"2015-01-27T12:26:46Z";"294694472";"12.5150377";"41.8818682";
"Roma";"ROMA";"Lazio";"Repubblica";"2015";"2015-01-27T12:26:47Z";"1208034381";"12.4960784999999";"41.9021355";
"Roma";"ROMA";"Lazio";"Repubblica";"2015";"2015-01-27T12:26:47Z";"1208034385";"12.4954579999999";"41.9027311999999";
"Roma";"ROMA";"Lazio";"Repubblica";"2015";"2015-01-27T12:26:47Z";"248834289";"12.4958328";"41.9021746";
"Roma";"ROMA";"Lazio";"Repubblica";"2015";"2015-01-27T12:26:47Z";"248834290";"12.4954547";"41.9025024";
"Roma";"ROMA";"Lazio";"S. Agnese/Annibaliano";"2015";"2015-01-27T12:40:38Z";"1895350346";"12.5161069";"41.9246758";
"Roma";"ROMA";"Lazio";"S. Agnese/Annibaliano";"2015";"2015-07-10T20:50:47Z";"3645124935";"12.5155841999999";"41.9238256";
"Roma";"ROMA";"Lazio";"S. Agnese/Annibaliano";"2015";"2015-09-20T13:48:22Z";"3751571464";"12.5161628999999";"41.9246450999999";
"Roma";"ROMA";"Lazio";"San Giovanni";"2015";"2015-01-27T12:26:47Z";"1219478574";"12.5102537999999";"41.8856474999999";
"Roma";"ROMA";"Lazio";"San Giovanni";"2015";"2015-01-27T12:26:47Z";"1219478580";"12.5102215";"41.8852698";
"Roma";"ROMA";"Lazio";"San Giovanni";"2015";"2015-01-27T12:26:47Z";"1219478599";"12.5094344";"41.8850674999999";
"Roma";"ROMA";"Lazio";"San Giovanni";"2015";"2015-01-27T12:26:47Z";"1391602798";"12.5096972";"41.8849962";
"Roma";"ROMA";"Lazio";"San Giovanni";"2015";"2015-01-27T12:26:47Z";"1391602799";"12.5099076999999";"41.8850689";
"Roma";"ROMA";"Lazio";"San Giovanni";"2015";"2015-01-27T12:26:47Z";"1391602800";"12.5094726";"41.8851702999999";
"Roma";"ROMA";"Lazio";"San Giovanni";"2015";"2015-01-27T12:26:47Z";"1391604437";"12.5101177";"41.8856333";
"Roma";"ROMA";"Lazio";"San Paolo";"2015";"2015-01-27T12:34:01Z";"248973535";"12.4785229";"41.8561395999999";
"Roma";"ROMA";"Lazio";"San Paolo";"2015";"2015-01-27T12:34:01Z";"248973536";"12.4785";"41.8564488";
"Roma";"ROMA";"Lazio";"San Paolo";"2015";"2015-01-27T12:34:01Z";"259578199";"12.4780718";"41.8564993999999";
"Roma";"ROMA";"Lazio";"Santa Maria del Soccorso";"2015";"2015-01-27T12:42:02Z";"2460402813";"12.560561";"41.9154787";
"Roma";"ROMA";"Lazio";"Spagna";"2015";"2015-01-27T12:26:47Z";"1477822167";"12.4830501";"41.9065013";
"Roma";"ROMA";"Lazio";"Spagna";"2015";"2015-01-27T12:26:47Z";"1741619940";"12.4862053999999";"41.9086841";
"Roma";"ROMA";"Lazio";"Spagna";"2015";"2015-01-27T12:26:47Z";"663736649";"12.4829182";"41.9064474999999";
"Roma";"ROMA";"Lazio";"Spagna";"2015";"2015-01-27T12:26:48Z";"2034547216";"12.4851006";"41.9089377999999";
"Roma";"ROMA";"Lazio";"Spagna";"2015";"2015-01-27T12:26:48Z";"2112373866";"12.488244";"41.9092384";
"Roma";"ROMA";"Lazio";"Stazione Metro Arco di Travertino";"2015";"2015-01-27T12:26:48Z";"302212403";"12.5364877";"41.8670768";
"Roma";"ROMA";"Lazio";"Subaugusta";"2015";"2015-01-27T12:26:48Z";"1427374763";"12.5674265";"41.8536904999999";
"Roma";"ROMA";"Lazio";"Subaugusta";"2015";"2015-01-27T12:26:48Z";"1427374765";"12.567944";"41.8540822";
"Roma";"ROMA";"Lazio";"Teano";"2015";"2015-07-10T20:26:24Z";"3645091781";"12.5515911";"41.8892231";
"Roma";"ROMA";"Lazio";"Teano";"2015";"2015-07-18T18:47:28Z";"3656951517";"12.5507728";"41.8893111";
"Roma";"ROMA";"Lazio";"Termini";"2015";"2015-01-27T12:26:48Z";"1429397022";"12.4995743";"41.9011822";
"Roma";"ROMA";"Lazio";"Termini";"2015";"2015-01-27T12:26:48Z";"2470611743";"12.5000158999999";"41.9020086";
"Roma";"ROMA";"Lazio";"Termini";"2015";"2015-08-21T15:51:31Z";"248834292";"12.4994739999999";"41.9008343";
"Roma";"ROMA";"Lazio";"Termini";"2015";"2015-08-21T15:51:31Z";"248834293";"12.5000239";"41.9004983";
"Roma";"ROMA";"Lazio";"Tiburtina FS";"2015";"2015-01-27T12:42:02Z";"1799134234";"12.5294746";"41.9108182";
"Roma";"ROMA";"Lazio";"Tiburtina FS";"2015";"2015-01-27T12:42:02Z";"295227421";"12.5287323";"41.9108633999999";
"Roma";"ROMA";"Lazio";"Valle Aurelia";"2015";"2015-05-20T22:16:29Z";"3531779193";"12.4408524";"41.9025948";
"Roma";"ROMA";"Lazio";"Valle Aurelia";"2015";"2015-05-20T22:16:32Z";"1389012559";"12.441419";"41.9030071";
"Roma";"ROMA";"Lazio";"Vittorio Emanuele";"2015";"2015-01-27T12:26:48Z";"1564276117";"12.5038801999999";"41.8938968";
"Roma";"ROMA";"Lazio";"Vittorio Emanuele";"2015";"2015-01-27T12:26:48Z";"1564276124";"12.5035585";"41.8940697999999";
"Roma";"ROMA";"Lazio";"Vittorio Emanuele";"2015";"2015-01-27T12:26:48Z";"256753101";"12.5047989";"41.8952481";
"Roma";"ROMA";"Lazio";"Vittorio Emanuele";"2015";"2015-01-27T12:26:48Z";"256753106";"12.505121";"41.8950721";
"Roma";"ROMA";"Lazio";"Vittorio Emanuele";"2015";"2015-01-27T12:26:49Z";"1140142103";"12.502704";"41.8955763";
"Roma";"ROMA";"Lazio";"Vittorio Emanuele";"2015";"2015-01-27T12:26:49Z";"1156359881";"12.5025847999999";"41.895456";
"Aversa";"CASERTA";"Campania";"";"2015";"2015-12-31T14:06:18Z";"3920622892";"14.2134476";"40.9740928";
"Aversa";"CASERTA";"Campania";"";"2015";"2015-12-31T14:06:19Z";"3920622893";"14.2136729";"40.974113";
"Capri";"NAPOLI";"Campania";"";"2013";"2013-09-28T08:18:30Z";"2474890073";"14.2426948";"40.5508641999999";
"Napoli";"NAPOLI";"Campania";"";"2013";"2013-04-01T18:30:08Z";"2242738136";"14.2390003";"40.8513171";
"Napoli";"NAPOLI";"Campania";"";"2015";"2015-01-28T18:37:55Z";"3317218499";"14.2718874";"40.8528530999999";
"Napoli";"NAPOLI";"Campania";"";"2015";"2015-01-28T18:39:00Z";"2607297794";"14.2698488";"40.8517926999999";
"Napoli";"NAPOLI";"Campania";"";"2015";"2015-01-28T18:39:00Z";"2607297799";"14.2702264";"40.8518248";
"Napoli";"NAPOLI";"Campania";"";"2015";"2015-03-08T16:07:00Z";"3389491575";"14.2766348999999";"40.8564117";
"Napoli";"NAPOLI";"Campania";"";"2015";"2015-03-08T16:07:00Z";"3389491587";"14.2766234999999";"40.8564660999999";
"Napoli";"NAPOLI";"Campania";"";"2015";"2015-03-08T16:11:30Z";"3389495056";"14.2779941";"40.8567074999999";
"Napoli";"NAPOLI";"Campania";"";"2015";"2015-03-08T16:11:31Z";"3389495059";"14.277632";"40.8564032";
"Napoli";"NAPOLI";"Campania";"";"2015";"2015-03-08T16:26:17Z";"3389519803";"14.2792213";"40.8567685";
"Napoli";"NAPOLI";"Campania";"";"2015";"2015-03-08T16:26:18Z";"3389519805";"14.2792569";"40.8566158";
"Napoli";"NAPOLI";"Campania";"";"2015";"2015-03-08T16:26:18Z";"3389519814";"14.2795432";"40.856645";
"Napoli";"NAPOLI";"Campania";"";"2015";"2015-03-08T16:26:18Z";"3389519815";"14.2795171";"40.8568";
"Napoli";"NAPOLI";"Campania";"";"2015";"2015-03-08T16:37:32Z";"3389530848";"14.2796757";"40.8555654";
"Napoli";"NAPOLI";"Campania";"";"2015";"2015-03-08T18:22:51Z";"3389733607";"14.2791362";"40.8575378999999";
"Napoli";"NAPOLI";"Campania";"";"2015";"2015-03-08T18:22:51Z";"3389733609";"14.2792665";"40.8571657999999";
"Napoli";"NAPOLI";"Campania";"";"2015";"2015-03-08T18:22:52Z";"3389733617";"14.2793068";"40.8571697";
"Napoli";"NAPOLI";"Campania";"";"2015";"2015-03-08T18:22:53Z";"3389539080";"14.2793739";"40.8562409";
"Napoli";"NAPOLI";"Campania";"";"2015";"2015-03-08T18:22:53Z";"3389539081";"14.2795555";"40.8562567999999";
"Napoli";"NAPOLI";"Campania";"";"2015";"2015-03-08T18:27:43Z";"3389746312";"14.2792385999999";"40.8581314999999";
"Napoli";"NAPOLI";"Campania";"";"2015";"2015-03-08T19:06:26Z";"3389848466";"14.2808502";"40.8569961999999";
"Napoli";"NAPOLI";"Campania";"";"2015";"2015-03-08T19:07:02Z";"3389846712";"14.2802862";"40.8566638";
"Napoli";"NAPOLI";"Campania";"";"2015";"2015-03-08T19:32:24Z";"3389909762";"14.2814701999999";"40.8569164";
"Napoli";"NAPOLI";"Campania";"";"2015";"2015-03-08T19:38:01Z";"3389918060";"14.2825577999999";"40.8570126999999";
"Napoli";"NAPOLI";"Campania";"";"2015";"2015-03-10T17:11:11Z";"3392765593";"14.2837762";"40.8570888";
"Napoli";"NAPOLI";"Campania";"";"2015";"2015-03-10T17:11:11Z";"3392765597";"14.2840641";"40.8571165999999";
"Napoli";"NAPOLI";"Campania";"";"2015";"2015-03-10T17:11:11Z";"3392765598";"14.2837545";"40.8572014";
"Napoli";"NAPOLI";"Campania";"";"2015";"2015-03-10T17:11:11Z";"3392765599";"14.2840422";"40.8572288";
"Napoli";"NAPOLI";"Campania";"";"2015";"2015-03-10T17:17:10Z";"3392773447";"14.2832569";"40.8569725999999";
"Napoli";"NAPOLI";"Campania";"";"2015";"2015-03-10T18:37:43Z";"3392856343";"14.2819272";"40.8584084";
"Napoli";"NAPOLI";"Campania";"";"2015";"2015-03-10T18:37:44Z";"3392856370";"14.2814241";"40.8584115999999";
"Napoli";"NAPOLI";"Campania";"";"2015";"2015-03-10T19:14:57Z";"3392901589";"14.2782034";"40.8560846999999";
"Napoli";"NAPOLI";"Campania";"";"2015";"2015-03-11T18:31:40Z";"3394179365";"14.2787933";"40.8575899";
"Napoli";"NAPOLI";"Campania";"";"2015";"2015-03-11T18:35:06Z";"3394181602";"14.2773203";"40.8573442";
"Napoli";"NAPOLI";"Campania";"";"2015";"2015-03-18T17:17:36Z";"3405673214";"14.2800216";"40.8557161";
"Napoli";"NAPOLI";"Campania";"";"2015";"2015-03-19T12:08:15Z";"3406893621";"14.2804293999999";"40.8573524999999";
"Napoli";"NAPOLI";"Campania";"";"2015";"2015-03-19T12:27:14Z";"3406911734";"14.2810115";"40.8577805999999";
"Napoli";"NAPOLI";"Campania";"";"2015";"2015-03-19T12:51:48Z";"3406932474";"14.2802159";"40.8587853";
"Napoli";"NAPOLI";"Campania";"";"2015";"2015-03-19T13:00:35Z";"3406939314";"14.2811";"40.8589247";
"Napoli";"NAPOLI";"Campania";"";"2015";"2015-03-23T11:52:39Z";"3414167021";"14.2851019";"40.8562936";
"Napoli";"NAPOLI";"Campania";"";"2015";"2015-03-23T11:52:39Z";"3414167024";"14.2846727";"40.8562397999999";
"Napoli";"NAPOLI";"Campania";"";"2015";"2015-03-23T18:54:37Z";"3414704849";"14.2719477";"40.8519912";
"Napoli";"NAPOLI";"Campania";"";"2015";"2015-03-23T19:10:44Z";"3414732527";"14.2740276";"40.8506366";
"Napoli";"NAPOLI";"Campania";"";"2015";"2015-03-24T10:28:24Z";"3415650157";"14.2837795";"40.8575228999999";
"Napoli";"NAPOLI";"Campania";"";"2015";"2015-03-24T10:42:07Z";"3415661404";"14.2826302999999";"40.8585473999999";
"Napoli";"NAPOLI";"Campania";"";"2015";"2015-03-24T10:42:08Z";"3415661414";"14.2826479";"40.8584541";
"Napoli";"NAPOLI";"Campania";"";"2015";"2015-03-24T10:42:08Z";"3415661428";"14.2834945";"40.8583102999999";
"Napoli";"NAPOLI";"Campania";"";"2015";"2015-03-24T10:42:09Z";"3415661457";"14.283899";"40.8583489999999";
"Napoli";"NAPOLI";"Campania";"";"2015";"2015-03-24T10:47:20Z";"3415665853";"14.2846552";"40.8586651999999";
"Napoli";"NAPOLI";"Campania";"";"2015";"2015-03-24T10:47:21Z";"3415665858";"14.2846388";"40.8587545999999";
"Napoli";"NAPOLI";"Campania";"";"2015";"2015-07-25T12:38:35Z";"3405680517";"14.2809041";"40.8563423";
"Napoli";"NAPOLI";"Campania";"";"2015";"2015-07-25T12:38:36Z";"3414167043";"14.2841658";"40.8561880999999";
"Napoli";"NAPOLI";"Campania";"";"2015";"2015-07-25T12:38:36Z";"3414167081";"14.2841202";"40.8559405999999";
"Napoli";"NAPOLI";"Campania";"";"2015";"2015-07-25T12:38:36Z";"3414167090";"14.2839163";"40.8561617";
"Napoli";"NAPOLI";"Campania";"";"2016";"2016-02-15T11:35:55Z";"3768742827";"14.2713234999999";"40.8522141999999";
"Napoli";"NAPOLI";"Campania";"";"2016";"2016-02-15T11:35:55Z";"3768745658";"14.2687822";"40.8519525999999";
"Napoli";"NAPOLI";"Campania";"Dante";"2015";"2015-01-28T18:47:46Z";"2528534990";"14.2499436999999";"40.8487377";
"Napoli";"NAPOLI";"Campania";"Dante";"2015";"2015-01-28T18:47:46Z";"2528535054";"14.249987";"40.8491868999999";
"Napoli";"NAPOLI";"Campania";"Dante";"2015";"2015-07-31T09:08:34Z";"3317223119";"14.2496838";"40.8488648";
"Napoli";"NAPOLI";"Campania";"Montecalvario (Toledo)";"2015";"2015-03-16T17:52:11Z";"3317220322";"14.2466937999999";"40.8424083999999";
"Napoli";"NAPOLI";"Campania";"Museo";"2014";"2014-06-15T20:02:59Z";"2469452946";"14.2513813";"40.853478";
"Napoli";"NAPOLI";"Campania";"Museo";"2015";"2015-01-28T18:51:24Z";"2481753372";"14.2519734";"40.8537664999999";
"Napoli";"NAPOLI";"Campania";"Museo";"2015";"2015-12-18T20:44:23Z";"3317229419";"14.251344";"40.8532781999999";
"Napoli";"NAPOLI";"Campania";"Piazza Cavour";"2015";"2015-01-28T18:51:24Z";"2481753401";"14.2551542";"40.8553181999999";
"Napoli";"NAPOLI";"Campania";"Toledo";"2015";"2015-01-28T18:44:23Z";"3317220321";"14.2488974";"40.8422901";
"Napoli";"NAPOLI";"Campania";"Toledo";"2015";"2015-01-28T18:44:23Z";"3317220323";"14.2489296";"40.8425924";
"Napoli";"NAPOLI";"Campania";"Universit";"2015";"2015-01-28T18:32:16Z";"3317213172";"14.2560365";"40.8437842";
"Napoli";"NAPOLI";"Campania";"Universit";"2015";"2015-01-28T18:32:16Z";"3317213181";"14.2556717";"40.8439667999999";
"Palermo";"PALERMO";"Sicilia";"";"2009";"2009-06-10T19:34:06Z";"418375969";"13.3540177";"38.1087093";
"Palermo";"PALERMO";"Sicilia";"";"2009";"2009-06-10T19:34:06Z";"418375970";"13.3540051";"38.1088701999999";
"Palermo";"PALERMO";"Sicilia";"";"2009";"2009-06-11T09:07:54Z";"418635863";"13.3420742";"38.1324437";
"Palermo";"PALERMO";"Sicilia";"";"2009";"2009-06-11T09:07:55Z";"418635868";"13.3410086";"38.1321323";
"Catania";"CATANIA";"Sicilia";"Borgo";"2015";"2015-10-03T19:46:26Z";"291779861";"15.0828101";"37.5217761999999";
"Catania";"CATANIA";"Sicilia";"Borgo";"2015";"2015-10-03T19:46:26Z";"296365525";"15.0846708";"37.5214658";
"Catania";"CATANIA";"Sicilia";"Borgo";"2015";"2015-10-03T19:46:26Z";"690283699";"15.0851281";"37.5217876";
"Catania";"CATANIA";"Sicilia";"Galatea";"2015";"2015-10-03T19:46:26Z";"296373773";"15.1010559";"37.5147230999999";
"Catania";"CATANIA";"Sicilia";"Galatea";"2015";"2015-10-03T19:46:26Z";"296373777";"15.1010031999999";"37.51458";
"Catania";"CATANIA";"Sicilia";"Galatea";"2015";"2015-10-03T19:46:26Z";"296373779";"15.1023991";"37.5142509";
"Catania";"CATANIA";"Sicilia";"Galatea";"2015";"2015-10-03T19:46:26Z";"296373784";"15.1023511999999";"37.5141113999999";
"Catania";"CATANIA";"Sicilia";"Giuffrida";"2015";"2015-10-03T19:46:26Z";"297606028";"15.0916756";"37.5194801";
"Catania";"CATANIA";"Sicilia";"Giuffrida";"2015";"2015-10-03T19:46:27Z";"297606024";"15.0902861";"37.5206416999999";
"Catania";"CATANIA";"Sicilia";"Giuffrida";"2015";"2015-10-03T19:46:27Z";"297606040";"15.0901168";"37.5205299";
"Catania";"CATANIA";"Sicilia";"Giuffrida";"2015";"2015-12-27T17:26:33Z";"297606030";"15.0913313";"37.5195410999999";
"Catania";"CATANIA";"Sicilia";"Italia";"2015";"2015-10-03T19:46:27Z";"282781866";"15.0971359";"37.5162174";
"Catania";"CATANIA";"Sicilia";"Italia";"2015";"2015-10-03T19:46:27Z";"282782056";"15.0961450999999";"37.5160817";
"Catania";"CATANIA";"Sicilia";"Italia";"2015";"2015-10-03T19:46:27Z";"294010898";"15.0972095999999";"37.5157461";
"Catania";"CATANIA";"Sicilia";"Italia";"2015";"2015-10-03T19:46:27Z";"296362034";"15.095864";"37.516499";
"Crotone (KR)";"CROTONE";"Calabria";"";"2013";"2013-06-25T13:44:20Z";"2360466158";"17.1082137";"39.0842125";
"Crotone (KR)";"CROTONE";"Calabria";"";"2013";"2013-06-25T13:47:34Z";"2360465223";"17.1079942";"39.0843835";
"Crotone (KR)";"CROTONE";"Calabria";"";"2013";"2013-06-25T13:47:34Z";"2360465231";"17.1080191";"39.0842356";
"Crotone (KR)";"CROTONE";"Calabria";"";"2013";"2013-06-25T13:47:34Z";"2360465233";"17.1080900999999";"39.0843048999999";
"Crotone (KR)";"CROTONE";"Calabria";"";"2013";"2013-06-25T13:47:34Z";"2360465239";"17.1079185";"39.0843101999999";
